date,page_name,page_url,page_category,pageviews,unique_pageviews,avg_time_on_page,exit_rate,entrances
2024-10-18,トップページ,/,TOP,8505,6040,113.95,0.3702,1489
2024-10-18,商品一覧,/products,商品,5292,4315,86.0,0.5338,1213
2024-10-18,商品詳細 - スマートフォン,/products/smartphone,商品,4275,3001,53.42,0.2576,1244
2024-10-18,商品詳細 - ノートPC,/products/laptop,商品,3583,2174,64.66,0.3166,873
2024-10-18,商品詳細 - タブレット,/products/tablet,商品,1633,1022,56.78,0.49,404
2024-10-18,商品詳細 - イヤホン,/products/earphone,商品,1508,942,138.34,0.323,430
2024-10-18,カート,/cart,CV,3051,2133,60.75,0.3336,614
2024-10-18,購入手続き,/checkout,CV,1561,941,61.18,0.2171,195
2024-10-18,購入完了,/thanks,CV,881,657,163.9,0.1843,292
2024-10-18,会社概要,/about,その他,946,628,118.54,0.3639,176
2024-10-18,お問い合わせ,/contact,その他,707,496,95.42,0.4156,143
2024-10-18,検索結果,/search,検索,1589,1256,160.27,0.292,434
2024-10-19,トップページ,/,TOP,8472,6777,33.37,0.3776,1901
2024-10-19,商品一覧,/products,商品,5356,4061,50.9,0.3274,1829
2024-10-19,商品詳細 - スマートフォン,/products/smartphone,商品,4192,3066,70.85,0.3015,630
2024-10-19,商品詳細 - ノートPC,/products/laptop,商品,3411,2147,71.11,0.423,786
2024-10-19,商品詳細 - タブレット,/products/tablet,商品,1862,1503,31.65,0.3119,362
2024-10-19,商品詳細 - イヤホン,/products/earphone,商品,1697,1388,120.08,0.4292,554
2024-10-19,カート,/cart,CV,2037,1687,87.47,0.2838,600
2024-10-19,購入手続き,/checkout,CV,958,614,42.42,0.3476,233
2024-10-19,購入完了,/thanks,CV,788,549,83.35,0.1577,228
2024-10-19,会社概要,/about,その他,806,597,129.55,0.3928,287
2024-10-19,お問い合わせ,/contact,その他,639,417,69.34,0.2594,157
2024-10-19,検索結果,/search,検索,960,695,80.14,0.4291,299
2024-10-20,トップページ,/,TOP,7317,4527,104.32,0.4685,1840
2024-10-20,商品一覧,/products,商品,6089,4028,149.91,0.4957,1645
2024-10-20,商品詳細 - スマートフォン,/products/smartphone,商品,3788,2831,43.74,0.3583,1345
2024-10-20,商品詳細 - ノートPC,/products/laptop,商品,2969,2486,57.77,0.3838,901
2024-10-20,商品詳細 - タブレット,/products/tablet,商品,2395,1875,128.82,0.492,764
2024-10-20,商品詳細 - イヤホン,/products/earphone,商品,1979,1310,63.18,0.3968,650
2024-10-20,カート,/cart,CV,3272,1995,168.79,0.3411,507
2024-10-20,購入手続き,/checkout,CV,1427,1182,134.61,0.2068,341
2024-10-20,購入完了,/thanks,CV,1219,1027,101.13,0.2889,470
2024-10-20,会社概要,/about,その他,1185,805,35.55,0.4987,304
2024-10-20,お問い合わせ,/contact,その他,619,390,134.44,0.2731,117
2024-10-20,検索結果,/search,検索,1514,933,110.92,0.3446,407
2024-10-21,トップページ,/,TOP,5830,4410,122.38,0.5158,1190
2024-10-21,商品一覧,/products,商品,3664,2995,161.21,0.2564,1074
2024-10-21,商品詳細 - スマートフォン,/products/smartphone,商品,3547,2836,82.61,0.5494,1219
2024-10-21,商品詳細 - ノートPC,/products/laptop,商品,2415,1738,161.05,0.4383,860
2024-10-21,商品詳細 - タブレット,/products/tablet,商品,1670,1176,140.64,0.3764,319
2024-10-21,商品詳細 - イヤホン,/products/earphone,商品,1061,730,74.45,0.3362,197
2024-10-21,カート,/cart,CV,1643,993,94.17,0.3975,313
2024-10-21,購入手続き,/checkout,CV,1077,704,147.95,0.39,159
2024-10-21,購入完了,/thanks,CV,729,597,100.11,0.2889,229
2024-10-21,会社概要,/about,その他,653,553,171.41,0.3195,218
2024-10-21,お問い合わせ,/contact,その他,524,381,56.48,0.3192,101
2024-10-21,検索結果,/search,検索,879,698,38.68,0.355,342
2024-10-22,トップページ,/,TOP,9032,7514,56.08,0.5485,2396
2024-10-22,商品一覧,/products,商品,6220,4814,152.37,0.2962,1286
2024-10-22,商品詳細 - スマートフォン,/products/smartphone,商品,3343,2454,117.01,0.4279,558
2024-10-22,商品詳細 - ノートPC,/products/laptop,商品,3604,2401,163.31,0.2889,1168
2024-10-22,商品詳細 - タブレット,/products/tablet,商品,2151,1725,112.63,0.4466,390
2024-10-22,商品詳細 - イヤホン,/products/earphone,商品,1508,1045,138.51,0.3279,364
2024-10-22,カート,/cart,CV,2085,1365,41.42,0.3367,621
2024-10-22,購入手続き,/checkout,CV,1250,900,153.7,0.3185,273
2024-10-22,購入完了,/thanks,CV,1006,745,161.79,0.1534,327
2024-10-22,会社概要,/about,その他,999,811,136.25,0.5102,365
2024-10-22,お問い合わせ,/contact,その他,675,519,142.91,0.4356,128
2024-10-22,検索結果,/search,検索,1443,1180,153.87,0.2588,281
2024-10-23,トップページ,/,TOP,6479,5091,152.7,0.2982,2289
2024-10-23,商品一覧,/products,商品,5009,3013,122.54,0.3361,1489
2024-10-23,商品詳細 - スマートフォン,/products/smartphone,商品,3505,2330,111.0,0.4402,1011
2024-10-23,商品詳細 - ノートPC,/products/laptop,商品,2338,1847,174.45,0.4124,558
2024-10-23,商品詳細 - タブレット,/products/tablet,商品,1753,1460,170.58,0.2808,593
2024-10-23,商品詳細 - イヤホン,/products/earphone,商品,1147,774,40.1,0.4625,289
2024-10-23,カート,/cart,CV,2083,1573,160.73,0.2091,773
2024-10-23,購入手続き,/checkout,CV,1318,1037,143.74,0.226,215
2024-10-23,購入完了,/thanks,CV,673,458,145.56,0.1977,185
2024-10-23,会社概要,/about,その他,814,544,93.93,0.5491,182
2024-10-23,お問い合わせ,/contact,その他,480,383,63.12,0.4581,86
2024-10-23,検索結果,/search,検索,1190,908,172.63,0.332,222
2024-10-24,トップページ,/,TOP,6240,5216,125.78,0.3759,1665
2024-10-24,商品一覧,/products,商品,4200,3553,164.11,0.3728,955
2024-10-24,商品詳細 - スマートフォン,/products/smartphone,商品,2725,1656,85.28,0.4455,760
2024-10-24,商品詳細 - ノートPC,/products/laptop,商品,2538,2137,160.29,0.3057,925
2024-10-24,商品詳細 - タブレット,/products/tablet,商品,1706,1383,123.93,0.4783,331
2024-10-24,商品詳細 - イヤホン,/products/earphone,商品,1042,865,149.48,0.435,297
2024-10-24,カート,/cart,CV,1738,1097,94.55,0.3371,285
2024-10-24,購入手続き,/checkout,CV,1022,629,70.35,0.3164,276
2024-10-24,購入完了,/thanks,CV,711,507,40.87,0.1023,161
2024-10-24,会社概要,/about,その他,763,572,134.25,0.3375,261
2024-10-24,お問い合わせ,/contact,その他,570,347,45.74,0.3942,94
2024-10-24,検索結果,/search,検索,1225,778,122.72,0.3997,319
2024-10-25,トップページ,/,TOP,9241,5567,107.66,0.3479,1260
2024-10-25,商品一覧,/products,商品,6110,3716,89.54,0.2736,891
2024-10-25,商品詳細 - スマートフォン,/products/smartphone,商品,4449,3436,60.02,0.4902,859
2024-10-25,商品詳細 - ノートPC,/products/laptop,商品,3039,2306,34.74,0.4619,1108
2024-10-25,商品詳細 - タブレット,/products/tablet,商品,1778,1307,160.65,0.4627,541
2024-10-25,商品詳細 - イヤホン,/products/earphone,商品,2023,1385,42.02,0.4944,648
2024-10-25,カート,/cart,CV,2943,2367,126.54,0.2905,847
2024-10-25,購入手続き,/checkout,CV,1577,978,67.07,0.2121,242
2024-10-25,購入完了,/thanks,CV,1244,814,80.53,0.2952,207
2024-10-25,会社概要,/about,その他,1208,923,113.3,0.3995,383
2024-10-25,お問い合わせ,/contact,その他,643,545,127.55,0.5424,141
2024-10-25,検索結果,/search,検索,1548,956,68.65,0.2592,323
2024-10-26,トップページ,/,TOP,8877,6939,93.82,0.4728,2107
2024-10-26,商品一覧,/products,商品,5283,4474,160.05,0.262,1671
2024-10-26,商品詳細 - スマートフォン,/products/smartphone,商品,3622,2829,161.01,0.396,1330
2024-10-26,商品詳細 - ノートPC,/products/laptop,商品,2997,2005,166.85,0.4277,527
2024-10-26,商品詳細 - タブレット,/products/tablet,商品,1948,1476,49.74,0.4699,612
2024-10-26,商品詳細 - イヤホン,/products/earphone,商品,1800,1160,175.71,0.3213,294
2024-10-26,カート,/cart,CV,2826,2043,160.61,0.2494,681
2024-10-26,購入手続き,/checkout,CV,1245,858,54.53,0.3186,272
2024-10-26,購入完了,/thanks,CV,1102,732,78.78,0.2313,316
2024-10-26,会社概要,/about,その他,791,666,65.41,0.3861,147
2024-10-26,お問い合わせ,/contact,その他,537,391,154.33,0.3511,128
2024-10-26,検索結果,/search,検索,1113,839,55.06,0.462,209
2024-10-27,トップページ,/,TOP,9746,7641,101.19,0.4491,3463
2024-10-27,商品一覧,/products,商品,9666,7214,60.88,0.5105,1685
2024-10-27,商品詳細 - スマートフォン,/products/smartphone,商品,5213,3202,170.49,0.4094,678
2024-10-27,商品詳細 - ノートPC,/products/laptop,商品,4062,2896,77.42,0.5302,1019
2024-10-27,商品詳細 - タブレット,/products/tablet,商品,2344,1493,174.77,0.546,300
2024-10-27,商品詳細 - イヤホン,/products/earphone,商品,2825,2146,98.21,0.5104,761
2024-10-27,カート,/cart,CV,3811,2921,34.5,0.2279,854
2024-10-27,購入手続き,/checkout,CV,2070,1346,175.49,0.3347,307
2024-10-27,購入完了,/thanks,CV,1534,1090,56.57,0.2736,444
2024-10-27,会社概要,/about,その他,1629,1362,104.58,0.455,524
2024-10-27,お問い合わせ,/contact,その他,1098,815,169.64,0.2591,331
2024-10-27,検索結果,/search,検索,2049,1339,89.08,0.4477,529
2024-10-28,トップページ,/,TOP,5890,4502,37.23,0.5498,2220
2024-10-28,商品一覧,/products,商品,4846,3962,115.05,0.4847,1670
2024-10-28,商品詳細 - スマートフォン,/products/smartphone,商品,3863,2708,130.14,0.3481,1197
2024-10-28,商品詳細 - ノートPC,/products/laptop,商品,3089,2469,152.68,0.3807,582
2024-10-28,商品詳細 - タブレット,/products/tablet,商品,1707,1026,84.97,0.3474,327
2024-10-28,商品詳細 - イヤホン,/products/earphone,商品,1507,1050,65.63,0.3846,327
2024-10-28,カート,/cart,CV,1993,1232,130.23,0.3207,475
2024-10-28,購入手続き,/checkout,CV,1102,765,107.86,0.3727,262
2024-10-28,購入完了,/thanks,CV,679,465,89.82,0.176,173
2024-10-28,会社概要,/about,その他,850,639,151.95,0.4795,265
2024-10-28,お問い合わせ,/contact,その他,661,399,31.13,0.3087,157
2024-10-28,検索結果,/search,検索,1296,856,39.04,0.5281,411
2024-10-29,トップページ,/,TOP,6939,4339,68.52,0.3958,1238
2024-10-29,商品一覧,/products,商品,4902,3925,76.7,0.4117,1503
2024-10-29,商品詳細 - スマートフォン,/products/smartphone,商品,3847,2570,48.28,0.3741,653
2024-10-29,商品詳細 - ノートPC,/products/laptop,商品,3164,2041,136.36,0.4075,473
2024-10-29,商品詳細 - タブレット,/products/tablet,商品,1818,1207,102.53,0.5389,533
2024-10-29,商品詳細 - イヤホン,/products/earphone,商品,1505,919,172.71,0.4399,349
2024-10-29,カート,/cart,CV,2662,2185,61.81,0.2456,837
2024-10-29,購入手続き,/checkout,CV,1138,921,83.01,0.38,249
2024-10-29,購入完了,/thanks,CV,984,658,93.56,0.2645,263
2024-10-29,会社概要,/about,その他,742,560,117.99,0.3855,140
2024-10-29,お問い合わせ,/contact,その他,646,526,44.36,0.315,108
2024-10-29,検索結果,/search,検索,1247,937,64.79,0.414,297
2024-10-30,トップページ,/,TOP,9202,6664,50.47,0.5463,2722
2024-10-30,商品一覧,/products,商品,6139,4340,133.87,0.4653,2158
2024-10-30,商品詳細 - スマートフォン,/products/smartphone,商品,3623,2268,116.76,0.4673,640
2024-10-30,商品詳細 - ノートPC,/products/laptop,商品,2950,1833,58.78,0.5183,544
2024-10-30,商品詳細 - タブレット,/products/tablet,商品,1895,1305,107.86,0.2708,287
2024-10-30,商品詳細 - イヤホン,/products/earphone,商品,1986,1307,162.01,0.412,516
2024-10-30,カート,/cart,CV,2874,1957,130.42,0.2666,975
2024-10-30,購入手続き,/checkout,CV,1510,1116,99.78,0.3461,243
2024-10-30,購入完了,/thanks,CV,1090,914,133.5,0.1351,237
2024-10-30,会社概要,/about,その他,1079,673,143.42,0.3851,204
2024-10-30,お問い合わせ,/contact,その他,756,603,65.2,0.5282,192
2024-10-30,検索結果,/search,検索,1221,1035,110.99,0.5281,468
2024-10-31,トップページ,/,TOP,3377,2552,143.29,0.2767,608
2024-10-31,商品一覧,/products,商品,2726,2168,35.42,0.4626,630
2024-10-31,商品詳細 - スマートフォン,/products/smartphone,商品,1455,1003,170.54,0.2763,367
2024-10-31,商品詳細 - ノートPC,/products/laptop,商品,1235,863,120.09,0.3842,306
2024-10-31,商品詳細 - タブレット,/products/tablet,商品,938,679,157.71,0.5476,178
2024-10-31,商品詳細 - イヤホン,/products/earphone,商品,785,493,87.09,0.4952,228
2024-10-31,カート,/cart,CV,1229,985,75.7,0.358,220
2024-10-31,購入手続き,/checkout,CV,515,331,81.91,0.339,163
2024-10-31,購入完了,/thanks,CV,424,341,159.3,0.1265,162
2024-10-31,会社概要,/about,その他,399,299,56.23,0.4794,104
2024-10-31,お問い合わせ,/contact,その他,257,163,40.23,0.3603,33
2024-10-31,検索結果,/search,検索,457,384,174.87,0.4149,126
2024-11-01,トップページ,/,TOP,9725,7065,45.85,0.3819,2771
2024-11-01,商品一覧,/products,商品,6712,5066,52.8,0.4451,1106
2024-11-01,商品詳細 - スマートフォン,/products/smartphone,商品,5615,4014,179.23,0.2674,872
2024-11-01,商品詳細 - ノートPC,/products/laptop,商品,4534,3835,51.34,0.3218,906
2024-11-01,商品詳細 - タブレット,/products/tablet,商品,2325,1453,39.34,0.4576,512
2024-11-01,商品詳細 - イヤホン,/products/earphone,商品,2521,2025,75.94,0.4346,784
2024-11-01,カート,/cart,CV,3401,2402,162.99,0.2261,804
2024-11-01,購入手続き,/checkout,CV,1477,1021,154.13,0.2828,428
2024-11-01,購入完了,/thanks,CV,1397,842,102.2,0.1832,173
2024-11-01,会社概要,/about,その他,1140,900,110.3,0.2911,238
2024-11-01,お問い合わせ,/contact,その他,677,447,150.23,0.5428,218
2024-11-01,検索結果,/search,検索,1674,1050,98.16,0.4144,475
2024-11-02,トップページ,/,TOP,10658,7695,78.7,0.295,3241
2024-11-02,商品一覧,/products,商品,9056,6284,98.92,0.3683,2736
2024-11-02,商品詳細 - スマートフォン,/products/smartphone,商品,7052,5915,77.31,0.4861,2404
2024-11-02,商品詳細 - ノートPC,/products/laptop,商品,4953,3287,35.76,0.5023,1546
2024-11-02,商品詳細 - タブレット,/products/tablet,商品,3001,2278,164.27,0.4478,890
2024-11-02,商品詳細 - イヤホン,/products/earphone,商品,2655,1637,52.53,0.4055,689
2024-11-02,カート,/cart,CV,4084,3144,42.72,0.2083,1304
2024-11-02,購入手続き,/checkout,CV,1684,1040,173.48,0.2024,438
2024-11-02,購入完了,/thanks,CV,1434,966,146.2,0.1699,384
2024-11-02,会社概要,/about,その他,1332,857,129.05,0.2795,367
2024-11-02,お問い合わせ,/contact,その他,920,556,175.18,0.2747,160
2024-11-02,検索結果,/search,検索,2250,1701,60.85,0.3646,402
2024-11-03,トップページ,/,TOP,16430,13039,109.55,0.4432,2771
2024-11-03,商品一覧,/products,商品,13429,10738,177.0,0.3378,4086
2024-11-03,商品詳細 - スマートフォン,/products/smartphone,商品,7788,6129,128.47,0.4935,1461
2024-11-03,商品詳細 - ノートPC,/products/laptop,商品,5876,4888,85.83,0.3174,1611
2024-11-03,商品詳細 - タブレット,/products/tablet,商品,3678,2770,66.1,0.5329,654
2024-11-03,商品詳細 - イヤホン,/products/earphone,商品,2761,2268,72.89,0.4437,1008
2024-11-03,カート,/cart,CV,5753,4669,67.84,0.3838,1991
2024-11-03,購入手続き,/checkout,CV,2473,2004,146.47,0.3457,795
2024-11-03,購入完了,/thanks,CV,1641,1208,170.61,0.2969,257
2024-11-03,会社概要,/about,その他,1632,1032,152.67,0.4678,272
2024-11-03,お問い合わせ,/contact,その他,1259,1020,111.34,0.4698,384
2024-11-03,検索結果,/search,検索,2521,1700,133.33,0.4195,785
2024-11-04,トップページ,/,TOP,7601,6006,99.23,0.298,1218
2024-11-04,商品一覧,/products,商品,4664,3645,44.88,0.5475,1168
2024-11-04,商品詳細 - スマートフォン,/products/smartphone,商品,3875,2522,139.96,0.4165,970
2024-11-04,商品詳細 - ノートPC,/products/laptop,商品,2523,1737,113.13,0.4851,350
2024-11-04,商品詳細 - タブレット,/products/tablet,商品,1910,1162,60.37,0.4737,566
2024-11-04,商品詳細 - イヤホン,/products/earphone,商品,1365,930,75.84,0.2947,430
2024-11-04,カート,/cart,CV,2764,1912,138.31,0.2897,890
2024-11-04,購入手続き,/checkout,CV,1196,834,134.34,0.2825,167
2024-11-04,購入完了,/thanks,CV,906,624,43.95,0.2588,234
2024-11-04,会社概要,/about,その他,858,652,117.0,0.2695,240
2024-11-04,お問い合わせ,/contact,その他,590,443,150.75,0.4529,124
2024-11-04,検索結果,/search,検索,1303,944,38.78,0.2731,283
2024-11-05,トップページ,/,TOP,9289,7216,107.59,0.4866,2396
2024-11-05,商品一覧,/products,商品,5157,3517,43.29,0.3802,936
2024-11-05,商品詳細 - スマートフォン,/products/smartphone,商品,4160,3261,169.97,0.5495,1280
2024-11-05,商品詳細 - ノートPC,/products/laptop,商品,3230,2451,47.75,0.4857,791
2024-11-05,商品詳細 - タブレット,/products/tablet,商品,2273,1581,118.17,0.4216,403
2024-11-05,商品詳細 - イヤホン,/products/earphone,商品,1575,1076,33.63,0.2579,483
2024-11-05,カート,/cart,CV,2426,1769,171.1,0.2597,491
2024-11-05,購入手続き,/checkout,CV,1296,1060,57.92,0.3684,467
2024-11-05,購入完了,/thanks,CV,984,709,42.09,0.1267,296
2024-11-05,会社概要,/about,その他,999,708,144.83,0.4689,175
2024-11-05,お問い合わせ,/contact,その他,696,441,128.54,0.4754,214
2024-11-05,検索結果,/search,検索,1104,678,69.26,0.3347,185
2024-11-06,トップページ,/,TOP,12671,8393,143.91,0.3316,2810
2024-11-06,商品一覧,/products,商品,8716,5372,35.04,0.3963,1175
2024-11-06,商品詳細 - スマートフォン,/products/smartphone,商品,6082,3860,91.66,0.4097,1174
2024-11-06,商品詳細 - ノートPC,/products/laptop,商品,5057,3061,174.51,0.4491,1126
2024-11-06,商品詳細 - タブレット,/products/tablet,商品,3073,1883,69.02,0.3756,789
2024-11-06,商品詳細 - イヤホン,/products/earphone,商品,2599,1726,59.71,0.4463,637
2024-11-06,カート,/cart,CV,3437,2897,82.43,0.3217,678
2024-11-06,購入手続き,/checkout,CV,1500,984,157.59,0.2502,362
2024-11-06,購入完了,/thanks,CV,1320,829,138.42,0.272,182
2024-11-06,会社概要,/about,その他,1416,1042,98.75,0.2745,359
2024-11-06,お問い合わせ,/contact,その他,755,631,130.35,0.505,213
2024-11-06,検索結果,/search,検索,1682,1282,39.34,0.4136,453
2024-11-07,トップページ,/,TOP,10716,7659,147.94,0.2656,1994
2024-11-07,商品一覧,/products,商品,6209,3981,143.51,0.3491,1416
2024-11-07,商品詳細 - スマートフォン,/products/smartphone,商品,4041,3311,160.59,0.5139,899
2024-11-07,商品詳細 - ノートPC,/products/laptop,商品,3744,3168,34.08,0.4816,695
2024-11-07,商品詳細 - タブレット,/products/tablet,商品,2258,1868,104.67,0.4116,432
2024-11-07,商品詳細 - イヤホン,/products/earphone,商品,2028,1633,146.34,0.3641,799
2024-11-07,カート,/cart,CV,2692,1967,148.93,0.2574,734
2024-11-07,購入手続き,/checkout,CV,1609,1286,167.26,0.2792,462
2024-11-07,購入完了,/thanks,CV,988,764,77.51,0.2587,349
2024-11-07,会社概要,/about,その他,1331,890,51.11,0.5451,231
2024-11-07,お問い合わせ,/contact,その他,667,549,52.82,0.4463,182
2024-11-07,検索結果,/search,検索,1597,991,150.54,0.5147,348
2024-11-08,トップページ,/,TOP,9452,6658,130.19,0.5452,2599
2024-11-08,商品一覧,/products,商品,4968,4076,54.34,0.3782,830
2024-11-08,商品詳細 - スマートフォン,/products/smartphone,商品,3914,2864,163.54,0.4658,641
2024-11-08,商品詳細 - ノートPC,/products/laptop,商品,3480,2251,152.86,0.5075,815
2024-11-08,商品詳細 - タブレット,/products/tablet,商品,2072,1406,153.25,0.3914,474
2024-11-08,商品詳細 - イヤホン,/products/earphone,商品,1502,1086,80.28,0.4985,273
2024-11-08,カート,/cart,CV,2764,2229,65.98,0.2201,540
2024-11-08,購入手続き,/checkout,CV,1196,852,127.67,0.3498,329
2024-11-08,購入完了,/thanks,CV,899,728,176.87,0.1943,284
2024-11-08,会社概要,/about,その他,812,624,132.95,0.3475,137
2024-11-08,お問い合わせ,/contact,その他,554,450,155.56,0.3182,127
2024-11-08,検索結果,/search,検索,1347,1041,75.8,0.4038,274
2024-11-09,トップページ,/,TOP,8161,5516,170.75,0.4459,2544
2024-11-09,商品一覧,/products,商品,7994,6372,69.04,0.4495,3008
2024-11-09,商品詳細 - スマートフォン,/products/smartphone,商品,5146,3808,97.06,0.2833,1287
2024-11-09,商品詳細 - ノートPC,/products/laptop,商品,4599,3387,176.52,0.3641,789
2024-11-09,商品詳細 - タブレット,/products/tablet,商品,2333,1424,167.71,0.472,404
2024-11-09,商品詳細 - イヤホン,/products/earphone,商品,2294,1543,143.09,0.5232,681
2024-11-09,カート,/cart,CV,2592,2179,75.71,0.3453,977
2024-11-09,購入手続き,/checkout,CV,1465,1198,135.55,0.2225,433
2024-11-09,購入完了,/thanks,CV,1009,666,100.32,0.1025,193
2024-11-09,会社概要,/about,その他,1251,843,141.48,0.34,180
2024-11-09,お問い合わせ,/contact,その他,932,757,118.98,0.4503,354
2024-11-09,検索結果,/search,検索,1403,869,149.19,0.3219,182
2024-11-10,トップページ,/,TOP,10335,8772,108.22,0.5067,1921
2024-11-10,商品一覧,/products,商品,8158,6116,44.08,0.2845,2892
2024-11-10,商品詳細 - スマートフォン,/products/smartphone,商品,5127,4139,115.77,0.5137,1470
2024-11-10,商品詳細 - ノートPC,/products/laptop,商品,3890,2642,146.08,0.3804,1005
2024-11-10,商品詳細 - タブレット,/products/tablet,商品,2778,1974,124.7,0.4321,745
2024-11-10,商品詳細 - イヤホン,/products/earphone,商品,2163,1426,45.63,0.4037,449
2024-11-10,カート,/cart,CV,3185,2430,120.1,0.3901,1028
2024-11-10,購入手続き,/checkout,CV,1604,1216,68.16,0.2142,375
2024-11-10,購入完了,/thanks,CV,1187,725,71.52,0.128,356
2024-11-10,会社概要,/about,その他,1119,806,121.62,0.3088,229
2024-11-10,お問い合わせ,/contact,その他,706,514,31.15,0.2517,136
2024-11-10,検索結果,/search,検索,1304,817,150.39,0.3517,303
2024-11-11,トップページ,/,TOP,10256,6906,89.55,0.5295,1561
2024-11-11,商品一覧,/products,商品,7691,4833,106.11,0.3536,2234
2024-11-11,商品詳細 - スマートフォン,/products/smartphone,商品,4885,3788,49.72,0.5478,1069
2024-11-11,商品詳細 - ノートPC,/products/laptop,商品,3909,2757,166.14,0.3733,1141
2024-11-11,商品詳細 - タブレット,/products/tablet,商品,2554,1729,173.26,0.4971,771
2024-11-11,商品詳細 - イヤホン,/products/earphone,商品,1634,1240,68.64,0.2653,270
2024-11-11,カート,/cart,CV,3401,2624,87.58,0.2229,883
2024-11-11,購入手続き,/checkout,CV,1547,975,142.68,0.2838,215
2024-11-11,購入完了,/thanks,CV,1018,701,130.29,0.2883,282
2024-11-11,会社概要,/about,その他,1156,865,125.41,0.253,409
2024-11-11,お問い合わせ,/contact,その他,853,698,48.08,0.4672,328
2024-11-11,検索結果,/search,検索,1349,989,31.76,0.2926,323
2024-11-12,トップページ,/,TOP,11600,8369,36.56,0.4232,1982
2024-11-12,商品一覧,/products,商品,9311,6385,127.84,0.4688,2896
2024-11-12,商品詳細 - スマートフォン,/products/smartphone,商品,6532,4621,71.31,0.4519,1348
2024-11-12,商品詳細 - ノートPC,/products/laptop,商品,5638,4012,153.36,0.4895,1834
2024-11-12,商品詳細 - タブレット,/products/tablet,商品,3538,2504,117.33,0.3457,779
2024-11-12,商品詳細 - イヤホン,/products/earphone,商品,2629,2041,86.18,0.4565,510
2024-11-12,カート,/cart,CV,3931,2498,81.88,0.378,615
2024-11-12,購入手続き,/checkout,CV,1638,1247,81.09,0.3274,276
2024-11-12,購入完了,/thanks,CV,1461,990,120.87,0.2354,306
2024-11-12,会社概要,/about,その他,1345,1139,133.24,0.3862,275
2024-11-12,お問い合わせ,/contact,その他,1005,609,174.6,0.4016,191
2024-11-12,検索結果,/search,検索,1649,1002,54.0,0.3664,207
2024-11-13,トップページ,/,TOP,13424,9593,165.01,0.3368,2252
2024-11-13,商品一覧,/products,商品,10366,7033,120.44,0.5165,3150
2024-11-13,商品詳細 - スマートフォン,/products/smartphone,商品,6976,4688,88.42,0.5383,1479
2024-11-13,商品詳細 - ノートPC,/products/laptop,商品,4559,3352,113.06,0.2962,1215
2024-11-13,商品詳細 - タブレット,/products/tablet,商品,3228,2609,75.35,0.3821,724
2024-11-13,商品詳細 - イヤホン,/products/earphone,商品,2137,1312,70.54,0.3527,642
2024-11-13,カート,/cart,CV,3986,2737,50.88,0.3161,912
2024-11-13,購入手続き,/checkout,CV,2046,1477,179.08,0.2804,685
2024-11-13,購入完了,/thanks,CV,1533,1138,60.2,0.2241,362
2024-11-13,会社概要,/about,その他,1192,856,64.16,0.4129,418
2024-11-13,お問い合わせ,/contact,その他,1133,884,160.5,0.41,211
2024-11-13,検索結果,/search,検索,2174,1372,71.37,0.4883,635
2024-11-14,トップページ,/,TOP,15575,9924,177.15,0.3888,3424
2024-11-14,商品一覧,/products,商品,10907,8149,72.87,0.3626,2126
2024-11-14,商品詳細 - スマートフォン,/products/smartphone,商品,7013,4885,103.85,0.4034,1823
2024-11-14,商品詳細 - ノートPC,/products/laptop,商品,6064,5125,154.13,0.3723,2200
2024-11-14,商品詳細 - タブレット,/products/tablet,商品,3267,2741,46.39,0.3101,1250
2024-11-14,商品詳細 - イヤホン,/products/earphone,商品,2580,2094,39.37,0.5179,973
2024-11-14,カート,/cart,CV,4144,3015,168.96,0.3253,620
2024-11-14,購入手続き,/checkout,CV,2096,1617,133.88,0.3445,388
2024-11-14,購入完了,/thanks,CV,1459,1006,71.81,0.2609,264
2024-11-14,会社概要,/about,その他,1877,1130,131.52,0.5493,506
2024-11-14,お問い合わせ,/contact,その他,971,586,155.12,0.4714,247
2024-11-14,検索結果,/search,検索,1813,1429,128.78,0.4807,614
2024-11-15,トップページ,/,TOP,13887,10462,103.14,0.2766,2336
2024-11-15,商品一覧,/products,商品,8458,5935,82.32,0.2698,1384
2024-11-15,商品詳細 - スマートフォン,/products/smartphone,商品,6577,5504,173.27,0.2717,1963
2024-11-15,商品詳細 - ノートPC,/products/laptop,商品,4488,2779,149.18,0.4002,1145
2024-11-15,商品詳細 - タブレット,/products/tablet,商品,2401,1484,74.29,0.3709,400
2024-11-15,商品詳細 - イヤホン,/products/earphone,商品,2226,1782,90.77,0.5288,840
2024-11-15,カート,/cart,CV,3625,2606,126.07,0.2452,1286
2024-11-15,購入手続き,/checkout,CV,2032,1400,48.44,0.3296,653
2024-11-15,購入完了,/thanks,CV,1465,1043,123.72,0.2172,231
2024-11-15,会社概要,/about,その他,1570,1036,153.38,0.4642,457
2024-11-15,お問い合わせ,/contact,その他,996,727,146.3,0.2929,204
2024-11-15,検索結果,/search,検索,1949,1307,124.43,0.2901,282
2024-11-16,トップページ,/,TOP,13049,8865,106.67,0.25,1897
2024-11-16,商品一覧,/products,商品,7780,6043,155.9,0.2688,1215
2024-11-16,商品詳細 - スマートフォン,/products/smartphone,商品,5120,4020,45.28,0.3449,1238
2024-11-16,商品詳細 - ノートPC,/products/laptop,商品,4311,3494,148.34,0.344,1633
2024-11-16,商品詳細 - タブレット,/products/tablet,商品,2773,2294,174.61,0.3632,520
2024-11-16,商品詳細 - イヤホン,/products/earphone,商品,2551,1845,124.91,0.3663,758
2024-11-16,カート,/cart,CV,3045,1954,129.96,0.3426,957
2024-11-16,購入手続き,/checkout,CV,2097,1756,74.71,0.3405,406
2024-11-16,購入完了,/thanks,CV,1584,1205,84.01,0.1096,586
2024-11-16,会社概要,/about,その他,1424,1008,61.33,0.3873,313
2024-11-16,お問い合わせ,/contact,その他,900,551,92.48,0.4803,246
2024-11-16,検索結果,/search,検索,2165,1413,100.84,0.4472,655
2024-11-17,トップページ,/,TOP,9884,7605,74.3,0.4323,1832
2024-11-17,商品一覧,/products,商品,8517,6682,126.72,0.3447,2128
2024-11-17,商品詳細 - スマートフォン,/products/smartphone,商品,5809,3774,73.11,0.5171,1171
2024-11-17,商品詳細 - ノートPC,/products/laptop,商品,3672,2305,70.14,0.4048,1038
2024-11-17,商品詳細 - タブレット,/products/tablet,商品,2157,1498,32.9,0.3512,355
2024-11-17,商品詳細 - イヤホン,/products/earphone,商品,2153,1557,109.64,0.3713,589
2024-11-17,カート,/cart,CV,2869,2054,107.85,0.3927,828
2024-11-17,購入手続き,/checkout,CV,1650,1309,108.19,0.3546,645
2024-11-17,購入完了,/thanks,CV,1137,687,151.07,0.254,162
2024-11-17,会社概要,/about,その他,1212,732,145.97,0.338,260
2024-11-17,お問い合わせ,/contact,その他,838,580,74.97,0.2504,228
2024-11-17,検索結果,/search,検索,2122,1722,164.78,0.2571,749
2024-11-18,トップページ,/,TOP,17174,12270,75.44,0.3694,2695
2024-11-18,商品一覧,/products,商品,9909,6556,142.12,0.3952,2243
2024-11-18,商品詳細 - スマートフォン,/products/smartphone,商品,6101,5121,147.78,0.5328,2547
2024-11-18,商品詳細 - ノートPC,/products/laptop,商品,6286,5284,84.85,0.2727,1414
2024-11-18,商品詳細 - タブレット,/products/tablet,商品,3255,2067,147.2,0.4367,772
2024-11-18,商品詳細 - イヤホン,/products/earphone,商品,2652,2128,88.22,0.4408,855
2024-11-18,カート,/cart,CV,4466,3065,73.58,0.3835,1045
2024-11-18,購入手続き,/checkout,CV,2856,2218,52.1,0.2124,448
2024-11-18,購入完了,/thanks,CV,1950,1388,173.69,0.1269,498
2024-11-18,会社概要,/about,その他,1661,1204,41.44,0.4539,340
2024-11-18,お問い合わせ,/contact,その他,1387,991,94.92,0.414,211
2024-11-18,検索結果,/search,検索,2140,1522,37.5,0.3128,689
2024-11-19,トップページ,/,TOP,10877,8682,66.3,0.5061,4238
2024-11-19,商品一覧,/products,商品,5771,4835,136.76,0.5484,2390
2024-11-19,商品詳細 - スマートフォン,/products/smartphone,商品,4500,2991,119.03,0.3811,663
2024-11-19,商品詳細 - ノートPC,/products/laptop,商品,3827,3234,148.89,0.307,1527
2024-11-19,商品詳細 - タブレット,/products/tablet,商品,2577,2164,176.6,0.4064,924
2024-11-19,商品詳細 - イヤホン,/products/earphone,商品,1577,1134,67.1,0.4655,444
2024-11-19,カート,/cart,CV,3113,1994,145.74,0.313,697
2024-11-19,購入手続き,/checkout,CV,1174,707,168.93,0.2714,189
2024-11-19,購入完了,/thanks,CV,1153,755,157.21,0.1643,316
2024-11-19,会社概要,/about,その他,917,648,102.13,0.2588,258
2024-11-19,お問い合わせ,/contact,その他,618,415,167.93,0.3694,206
2024-11-19,検索結果,/search,検索,1193,942,88.87,0.3615,401
2024-11-20,トップページ,/,TOP,13631,11419,83.57,0.4231,4981
2024-11-20,商品一覧,/products,商品,7570,5609,128.49,0.3576,1526
2024-11-20,商品詳細 - スマートフォン,/products/smartphone,商品,4913,4075,105.89,0.2805,1084
2024-11-20,商品詳細 - ノートPC,/products/laptop,商品,3809,2319,160.02,0.3026,660
2024-11-20,商品詳細 - タブレット,/products/tablet,商品,3307,2465,117.01,0.381,875
2024-11-20,商品詳細 - イヤホン,/products/earphone,商品,2577,1728,164.11,0.3559,836
2024-11-20,カート,/cart,CV,4323,3047,101.45,0.3561,1064
2024-11-20,購入手続き,/checkout,CV,1647,1231,79.73,0.2372,561
2024-11-20,購入完了,/thanks,CV,1237,764,171.12,0.1138,268
2024-11-20,会社概要,/about,その他,1350,1083,79.83,0.5007,441
2024-11-20,お問い合わせ,/contact,その他,1035,790,161.38,0.2955,285
2024-11-20,検索結果,/search,検索,1705,1204,49.18,0.2613,517
2024-11-21,トップページ,/,TOP,6420,4520,38.2,0.4068,2223
2024-11-21,商品一覧,/products,商品,5145,3478,64.56,0.3412,697
2024-11-21,商品詳細 - スマートフォン,/products/smartphone,商品,4205,3539,129.46,0.3173,1495
2024-11-21,商品詳細 - ノートPC,/products/laptop,商品,3657,2580,78.79,0.3409,1067
2024-11-21,商品詳細 - タブレット,/products/tablet,商品,2170,1400,165.29,0.3613,618
2024-11-21,商品詳細 - イヤホン,/products/earphone,商品,1916,1510,118.6,0.368,601
2024-11-21,カート,/cart,CV,2134,1570,55.1,0.3419,681
2024-11-21,購入手続き,/checkout,CV,1327,1112,69.8,0.2085,423
2024-11-21,購入完了,/thanks,CV,884,688,45.38,0.2518,243
2024-11-21,会社概要,/about,その他,966,668,154.13,0.5299,273
2024-11-21,お問い合わせ,/contact,その他,697,498,134.19,0.5263,208
2024-11-21,検索結果,/search,検索,1469,982,59.29,0.4921,298
2024-11-22,トップページ,/,TOP,8192,6919,135.18,0.507,2892
2024-11-22,商品一覧,/products,商品,6470,5413,87.08,0.3989,1347
2024-11-22,商品詳細 - スマートフォン,/products/smartphone,商品,4691,3675,33.78,0.3653,1659
2024-11-22,商品詳細 - ノートPC,/products/laptop,商品,2822,2189,95.65,0.5411,592
2024-11-22,商品詳細 - タブレット,/products/tablet,商品,2277,1831,175.06,0.4139,394
2024-11-22,商品詳細 - イヤホン,/products/earphone,商品,1757,1369,56.89,0.5088,602
2024-11-22,カート,/cart,CV,2865,2003,159.79,0.2263,495
2024-11-22,購入手続き,/checkout,CV,1296,871,130.91,0.3743,382
2024-11-22,購入完了,/thanks,CV,947,716,154.92,0.2143,337
2024-11-22,会社概要,/about,その他,846,650,112.33,0.2656,186
2024-11-22,お問い合わせ,/contact,その他,647,445,80.11,0.4364,186
2024-11-22,検索結果,/search,検索,1349,832,72.86,0.4851,274
2024-11-23,トップページ,/,TOP,13232,9038,86.09,0.267,4368
2024-11-23,商品一覧,/products,商品,9372,7196,59.85,0.4397,2342
2024-11-23,商品詳細 - スマートフォン,/products/smartphone,商品,6506,4068,71.45,0.3334,1340
2024-11-23,商品詳細 - ノートPC,/products/laptop,商品,5874,3623,56.9,0.4056,1779
2024-11-23,商品詳細 - タブレット,/products/tablet,商品,2499,1751,135.68,0.4714,572
2024-11-23,商品詳細 - イヤホン,/products/earphone,商品,2312,1617,60.8,0.3293,557
2024-11-23,カート,/cart,CV,3577,2403,175.28,0.3314,915
2024-11-23,購入手続き,/checkout,CV,1637,1013,74.59,0.3903,230
2024-11-23,購入完了,/thanks,CV,1536,1161,70.11,0.2297,237
2024-11-23,会社概要,/about,その他,1753,1161,135.99,0.4528,444
2024-11-23,お問い合わせ,/contact,その他,911,608,159.91,0.4293,294
2024-11-23,検索結果,/search,検索,1660,1060,140.48,0.5334,492
2024-11-24,トップページ,/,TOP,13101,9785,132.02,0.4603,3155
2024-11-24,商品一覧,/products,商品,8630,6435,97.54,0.3259,3135
2024-11-24,商品詳細 - スマートフォン,/products/smartphone,商品,6849,5547,130.87,0.3066,2735
2024-11-24,商品詳細 - ノートPC,/products/laptop,商品,5000,3010,43.89,0.3801,1277
2024-11-24,商品詳細 - タブレット,/products/tablet,商品,4160,2947,95.16,0.3276,1229
2024-11-24,商品詳細 - イヤホン,/products/earphone,商品,2389,1785,125.65,0.434,486
2024-11-24,カート,/cart,CV,5165,3217,161.62,0.2399,1356
2024-11-24,購入手続き,/checkout,CV,1916,1268,70.62,0.2429,347
2024-11-24,購入完了,/thanks,CV,1472,1052,121.01,0.2465,422
2024-11-24,会社概要,/about,その他,1485,1244,150.76,0.5015,555
2024-11-24,お問い合わせ,/contact,その他,1395,1026,122.52,0.3101,433
2024-11-24,検索結果,/search,検索,2605,1902,85.67,0.2705,905
2024-11-25,トップページ,/,TOP,12762,9374,85.27,0.3307,4392
2024-11-25,商品一覧,/products,商品,9480,7554,124.54,0.3863,2073
2024-11-25,商品詳細 - スマートフォン,/products/smartphone,商品,6412,4532,127.4,0.3828,2179
2024-11-25,商品詳細 - ノートPC,/products/laptop,商品,4076,3286,96.59,0.3377,678
2024-11-25,商品詳細 - タブレット,/products/tablet,商品,2727,1978,103.66,0.2669,945
2024-11-25,商品詳細 - イヤホン,/products/earphone,商品,2079,1644,128.28,0.3729,457
2024-11-25,カート,/cart,CV,3412,2184,57.85,0.2141,871
2024-11-25,購入手続き,/checkout,CV,2276,1828,46.56,0.337,524
2024-11-25,購入完了,/thanks,CV,1368,906,110.33,0.203,278
2024-11-25,会社概要,/about,その他,1394,1125,76.17,0.4868,533
2024-11-25,お問い合わせ,/contact,その他,1166,794,105.85,0.3563,382
2024-11-25,検索結果,/search,検索,2272,1421,113.01,0.3678,498
2024-11-26,トップページ,/,TOP,8746,7125,155.69,0.4531,3260
2024-11-26,商品一覧,/products,商品,7889,5599,54.05,0.4332,2251
2024-11-26,商品詳細 - スマートフォン,/products/smartphone,商品,4170,3225,47.63,0.3189,804
2024-11-26,商品詳細 - ノートPC,/products/laptop,商品,3192,2488,107.24,0.4697,618
2024-11-26,商品詳細 - タブレット,/products/tablet,商品,1993,1205,163.63,0.2997,328
2024-11-26,商品詳細 - イヤホン,/products/earphone,商品,1877,1175,107.88,0.3167,449
2024-11-26,カート,/cart,CV,2864,1759,65.13,0.2782,467
2024-11-26,購入手続き,/checkout,CV,1888,1423,92.37,0.3114,467
2024-11-26,購入完了,/thanks,CV,1215,940,55.75,0.2404,329
2024-11-26,会社概要,/about,その他,1153,942,109.88,0.4394,221
2024-11-26,お問い合わせ,/contact,その他,831,522,51.43,0.3512,212
2024-11-26,検索結果,/search,検索,1407,982,60.65,0.5187,345
2024-11-27,トップページ,/,TOP,12947,7826,40.36,0.4878,2678
2024-11-27,商品一覧,/products,商品,9866,7469,67.99,0.4566,1516
2024-11-27,商品詳細 - スマートフォン,/products/smartphone,商品,6996,5134,153.21,0.5008,2325
2024-11-27,商品詳細 - ノートPC,/products/laptop,商品,5319,3635,97.69,0.4875,927
2024-11-27,商品詳細 - タブレット,/products/tablet,商品,3666,3008,41.35,0.3899,951
2024-11-27,商品詳細 - イヤホン,/products/earphone,商品,3000,2476,40.05,0.311,1146
2024-11-27,カート,/cart,CV,4091,3008,39.98,0.3936,1186
2024-11-27,購入手続き,/checkout,CV,1775,1231,95.02,0.3608,614
2024-11-27,購入完了,/thanks,CV,1643,1117,82.58,0.144,348
2024-11-27,会社概要,/about,その他,1328,919,138.41,0.3893,364
2024-11-27,お問い合わせ,/contact,その他,1159,697,129.25,0.3153,240
2024-11-27,検索結果,/search,検索,1717,1375,112.26,0.4818,302
2024-11-28,トップページ,/,TOP,7945,5926,142.76,0.4846,2612
2024-11-28,商品一覧,/products,商品,5206,3306,123.07,0.4513,1397
2024-11-28,商品詳細 - スマートフォン,/products/smartphone,商品,2991,1940,142.5,0.5171,916
2024-11-28,商品詳細 - ノートPC,/products/laptop,商品,3169,2374,163.37,0.4462,887
2024-11-28,商品詳細 - タブレット,/products/tablet,商品,1814,1159,137.46,0.3922,326
2024-11-28,商品詳細 - イヤホン,/products/earphone,商品,1264,857,62.24,0.3225,280
2024-11-28,カート,/cart,CV,2672,1941,41.55,0.2376,793
2024-11-28,購入手続き,/checkout,CV,1094,881,149.44,0.3319,248
2024-11-28,購入完了,/thanks,CV,927,617,125.46,0.2878,183
2024-11-28,会社概要,/about,その他,782,506,62.81,0.4584,191
2024-11-28,お問い合わせ,/contact,その他,520,398,146.7,0.4945,170
2024-11-28,検索結果,/search,検索,1005,625,85.25,0.4597,206
2024-11-29,トップページ,/,TOP,10787,7172,161.88,0.2601,1958
2024-11-29,商品一覧,/products,商品,9779,5962,78.45,0.4501,2798
2024-11-29,商品詳細 - スマートフォン,/products/smartphone,商品,7362,5015,179.42,0.5203,2244
2024-11-29,商品詳細 - ノートPC,/products/laptop,商品,6043,4001,40.09,0.423,914
2024-11-29,商品詳細 - タブレット,/products/tablet,商品,3822,2605,151.0,0.4745,1191
2024-11-29,商品詳細 - イヤホン,/products/earphone,商品,3184,2102,91.68,0.2621,502
2024-11-29,カート,/cart,CV,3437,2371,114.93,0.3567,696
2024-11-29,購入手続き,/checkout,CV,2255,1483,144.65,0.2029,574
2024-11-29,購入完了,/thanks,CV,1760,1073,122.93,0.2674,395
2024-11-29,会社概要,/about,その他,1672,1364,117.14,0.4261,678
2024-11-29,お問い合わせ,/contact,その他,1171,832,88.38,0.4622,223
2024-11-29,検索結果,/search,検索,2206,1835,81.29,0.5287,657
2024-11-30,トップページ,/,TOP,13818,11730,127.43,0.5443,5176
2024-11-30,商品一覧,/products,商品,12214,9139,98.21,0.266,3677
2024-11-30,商品詳細 - スマートフォン,/products/smartphone,商品,8030,5567,55.1,0.5325,1949
2024-11-30,商品詳細 - ノートPC,/products/laptop,商品,6725,5207,71.29,0.4446,1285
2024-11-30,商品詳細 - タブレット,/products/tablet,商品,3952,2963,135.77,0.3038,997
2024-11-30,商品詳細 - イヤホン,/products/earphone,商品,3333,2697,32.87,0.3009,1169
2024-11-30,カート,/cart,CV,5217,4042,150.42,0.3676,1973
2024-11-30,購入手続き,/checkout,CV,2535,1830,53.05,0.2804,680
2024-11-30,購入完了,/thanks,CV,1707,1417,118.93,0.2166,434
2024-11-30,会社概要,/about,その他,1538,935,42.68,0.377,357
2024-11-30,お問い合わせ,/contact,その他,1440,1181,61.68,0.4477,541
2024-11-30,検索結果,/search,検索,2885,1872,72.98,0.4712,825
2024-12-01,トップページ,/,TOP,14328,8704,123.39,0.5192,4282
2024-12-01,商品一覧,/products,商品,8484,6887,80.29,0.2687,1515
2024-12-01,商品詳細 - スマートフォン,/products/smartphone,商品,6827,5490,170.69,0.5058,1238
2024-12-01,商品詳細 - ノートPC,/products/laptop,商品,4561,2817,64.4,0.3132,959
2024-12-01,商品詳細 - タブレット,/products/tablet,商品,2602,1626,52.09,0.3002,799
2024-12-01,商品詳細 - イヤホン,/products/earphone,商品,2638,2221,71.76,0.3819,976
2024-12-01,カート,/cart,CV,3558,2401,49.45,0.2465,664
2024-12-01,購入手続き,/checkout,CV,1801,1384,61.58,0.2125,612
2024-12-01,購入完了,/thanks,CV,1231,844,53.24,0.2729,189
2024-12-01,会社概要,/about,その他,1425,962,150.57,0.419,231
2024-12-01,お問い合わせ,/contact,その他,986,716,123.6,0.2932,201
2024-12-01,検索結果,/search,検索,1902,1180,75.97,0.3879,527
2024-12-02,トップページ,/,TOP,7053,4969,138.75,0.3875,1849
2024-12-02,商品一覧,/products,商品,6585,5230,77.08,0.5087,1890
2024-12-02,商品詳細 - スマートフォン,/products/smartphone,商品,4674,3960,85.72,0.5169,1023
2024-12-02,商品詳細 - ノートPC,/products/laptop,商品,3414,2681,102.48,0.3978,1210
2024-12-02,商品詳細 - タブレット,/products/tablet,商品,1943,1583,79.23,0.372,532
2024-12-02,商品詳細 - イヤホン,/products/earphone,商品,1894,1196,172.72,0.3089,302
2024-12-02,カート,/cart,CV,2817,2098,126.71,0.2979,564
2024-12-02,購入手続き,/checkout,CV,1400,970,51.18,0.3323,360
2024-12-02,購入完了,/thanks,CV,899,602,57.43,0.1437,269
2024-12-02,会社概要,/about,その他,940,781,115.69,0.541,189
2024-12-02,お問い合わせ,/contact,その他,651,520,43.05,0.3602,190
2024-12-02,検索結果,/search,検索,1561,1247,130.91,0.3025,331
2024-12-03,トップページ,/,TOP,8474,6936,69.49,0.3249,1388
2024-12-03,商品一覧,/products,商品,7896,6302,142.54,0.4382,1547
2024-12-03,商品詳細 - スマートフォン,/products/smartphone,商品,4508,3100,102.92,0.2781,1476
2024-12-03,商品詳細 - ノートPC,/products/laptop,商品,3117,2097,65.72,0.3123,990
2024-12-03,商品詳細 - タブレット,/products/tablet,商品,2263,1621,53.17,0.4782,561
2024-12-03,商品詳細 - イヤホン,/products/earphone,商品,1856,1390,145.42,0.5499,443
2024-12-03,カート,/cart,CV,3456,2221,60.67,0.2061,671
2024-12-03,購入手続き,/checkout,CV,1534,1156,106.48,0.3821,405
2024-12-03,購入完了,/thanks,CV,939,571,95.73,0.2102,257
2024-12-03,会社概要,/about,その他,990,600,65.62,0.3847,128
2024-12-03,お問い合わせ,/contact,その他,832,522,72.16,0.4325,131
2024-12-03,検索結果,/search,検索,1454,1163,142.62,0.3676,276
2024-12-04,トップページ,/,TOP,7060,4654,114.87,0.4532,2228
2024-12-04,商品一覧,/products,商品,4376,2697,154.03,0.2557,963
2024-12-04,商品詳細 - スマートフォン,/products/smartphone,商品,3391,2233,34.52,0.3535,1090
2024-12-04,商品詳細 - ノートPC,/products/laptop,商品,2717,2264,121.72,0.3296,913
2024-12-04,商品詳細 - タブレット,/products/tablet,商品,1416,1149,162.73,0.5341,484
2024-12-04,商品詳細 - イヤホン,/products/earphone,商品,1159,776,31.54,0.539,321
2024-12-04,カート,/cart,CV,2205,1666,76.78,0.398,503
2024-12-04,購入手続き,/checkout,CV,846,601,81.51,0.2522,270
2024-12-04,購入完了,/thanks,CV,896,579,169.29,0.1745,126
2024-12-04,会社概要,/about,その他,639,409,52.57,0.4286,200
2024-12-04,お問い合わせ,/contact,その他,498,361,100.64,0.324,143
2024-12-04,検索結果,/search,検索,1120,883,165.65,0.4234,393
2024-12-05,トップページ,/,TOP,12641,7760,61.87,0.2521,3096
2024-12-05,商品一覧,/products,商品,7959,5576,164.33,0.5154,2636
2024-12-05,商品詳細 - スマートフォン,/products/smartphone,商品,5092,3934,58.59,0.3315,1004
2024-12-05,商品詳細 - ノートPC,/products/laptop,商品,4295,3038,47.98,0.4993,1277
2024-12-05,商品詳細 - タブレット,/products/tablet,商品,2785,1871,74.99,0.3978,708
2024-12-05,商品詳細 - イヤホン,/products/earphone,商品,2231,1430,112.0,0.285,673
2024-12-05,カート,/cart,CV,3439,2693,169.73,0.3317,1201
2024-12-05,購入手続き,/checkout,CV,1882,1438,89.93,0.3797,428
2024-12-05,購入完了,/thanks,CV,1106,892,45.67,0.2602,332
2024-12-05,会社概要,/about,その他,1355,853,62.2,0.5442,187
2024-12-05,お問い合わせ,/contact,その他,951,746,128.81,0.2597,268
2024-12-05,検索結果,/search,検索,1542,991,74.45,0.4204,477
2024-12-06,トップページ,/,TOP,10790,9127,175.46,0.3279,3006
2024-12-06,商品一覧,/products,商品,6470,3963,133.8,0.2658,1337
2024-12-06,商品詳細 - スマートフォン,/products/smartphone,商品,4091,3082,116.64,0.3259,948
2024-12-06,商品詳細 - ノートPC,/products/laptop,商品,4323,3480,82.62,0.3932,1074
2024-12-06,商品詳細 - タブレット,/products/tablet,商品,2577,1757,42.7,0.3127,597
2024-12-06,商品詳細 - イヤホン,/products/earphone,商品,1900,1539,87.15,0.3164,681
2024-12-06,カート,/cart,CV,3458,2407,75.49,0.2918,1154
2024-12-06,購入手続き,/checkout,CV,1297,1080,109.74,0.3368,226
2024-12-06,購入完了,/thanks,CV,1137,798,128.46,0.1322,392
2024-12-06,会社概要,/about,その他,1176,915,92.65,0.2705,214
2024-12-06,お問い合わせ,/contact,その他,800,667,41.52,0.4485,204
2024-12-06,検索結果,/search,検索,1562,1094,152.2,0.5001,419
2024-12-07,トップページ,/,TOP,19375,12861,83.23,0.2818,4166
2024-12-07,商品一覧,/products,商品,15727,12023,89.29,0.271,3060
2024-12-07,商品詳細 - スマートフォン,/products/smartphone,商品,8451,6818,92.88,0.2626,1707
2024-12-07,商品詳細 - ノートPC,/products/laptop,商品,9402,6950,105.36,0.3194,2915
2024-12-07,商品詳細 - タブレット,/products/tablet,商品,5795,3796,170.15,0.5159,1802
2024-12-07,商品詳細 - イヤホン,/products/earphone,商品,4302,3258,142.86,0.371,1170
2024-12-07,カート,/cart,CV,6994,4945,153.67,0.3463,1206
2024-12-07,購入手続き,/checkout,CV,3700,2719,94.7,0.3689,852
2024-12-07,購入完了,/thanks,CV,2855,1892,102.6,0.2688,670
2024-12-07,会社概要,/about,その他,2261,1680,35.89,0.3476,473
2024-12-07,お問い合わせ,/contact,その他,1310,1106,89.27,0.5397,462
2024-12-07,検索結果,/search,検索,3063,2351,172.01,0.4916,752
2024-12-08,トップページ,/,TOP,10245,6828,33.87,0.5471,2601
2024-12-08,商品一覧,/products,商品,7048,5441,170.78,0.2861,1383
2024-12-08,商品詳細 - スマートフォン,/products/smartphone,商品,4634,3038,111.97,0.3422,987
2024-12-08,商品詳細 - ノートPC,/products/laptop,商品,3180,2043,143.59,0.3754,958
2024-12-08,商品詳細 - タブレット,/products/tablet,商品,1841,1285,32.49,0.2801,512
2024-12-08,商品詳細 - イヤホン,/products/earphone,商品,1915,1227,33.56,0.3201,552
2024-12-08,カート,/cart,CV,3504,2221,160.26,0.2463,1061
2024-12-08,購入手続き,/checkout,CV,1425,873,116.09,0.2079,277
2024-12-08,購入完了,/thanks,CV,896,668,148.11,0.1023,195
2024-12-08,会社概要,/about,その他,901,673,176.07,0.3693,244
2024-12-08,お問い合わせ,/contact,その他,670,520,165.64,0.3314,162
2024-12-08,検索結果,/search,検索,1501,919,154.85,0.3778,405
2024-12-09,トップページ,/,TOP,10020,6578,169.56,0.4952,1503
2024-12-09,商品一覧,/products,商品,7946,5437,42.53,0.5112,1431
2024-12-09,商品詳細 - スマートフォン,/products/smartphone,商品,5951,3646,96.32,0.3978,1094
2024-12-09,商品詳細 - ノートPC,/products/laptop,商品,4314,3159,115.8,0.2984,1395
2024-12-09,商品詳細 - タブレット,/products/tablet,商品,2984,1905,70.23,0.2948,587
2024-12-09,商品詳細 - イヤホン,/products/earphone,商品,2169,1669,35.2,0.267,530
2024-12-09,カート,/cart,CV,3888,2520,68.97,0.3283,1173
2024-12-09,購入手続き,/checkout,CV,2087,1407,91.7,0.246,382
2024-12-09,購入完了,/thanks,CV,1444,1164,153.65,0.2346,371
2024-12-09,会社概要,/about,その他,1165,913,130.69,0.3581,256
2024-12-09,お問い合わせ,/contact,その他,750,636,178.26,0.2969,313
2024-12-09,検索結果,/search,検索,2013,1539,159.92,0.4233,441
2024-12-10,トップページ,/,TOP,12546,9470,94.12,0.3734,2832
2024-12-10,商品一覧,/products,商品,9386,7627,170.16,0.3105,3102
2024-12-10,商品詳細 - スマートフォン,/products/smartphone,商品,6889,5091,32.43,0.4839,2268
2024-12-10,商品詳細 - ノートPC,/products/laptop,商品,4148,3411,74.11,0.5476,897
2024-12-10,商品詳細 - タブレット,/products/tablet,商品,3374,2237,45.43,0.5097,531
2024-12-10,商品詳細 - イヤホン,/products/earphone,商品,3029,2327,78.65,0.5041,937
2024-12-10,カート,/cart,CV,4220,3168,116.3,0.3365,1041
2024-12-10,購入手続き,/checkout,CV,1851,1466,133.85,0.2453,395
2024-12-10,購入完了,/thanks,CV,1601,1259,38.99,0.1437,301
2024-12-10,会社概要,/about,その他,1589,1290,140.12,0.2635,390
2024-12-10,お問い合わせ,/contact,その他,1008,838,99.8,0.3496,171
2024-12-10,検索結果,/search,検索,1693,1125,124.71,0.2584,368
2024-12-11,トップページ,/,TOP,9193,5917,129.57,0.3388,2896
2024-12-11,商品一覧,/products,商品,5326,4381,114.59,0.4231,1533
2024-12-11,商品詳細 - スマートフォン,/products/smartphone,商品,3583,2230,81.14,0.4303,1059
2024-12-11,商品詳細 - ノートPC,/products/laptop,商品,3473,2208,74.0,0.4644,789
2024-12-11,商品詳細 - タブレット,/products/tablet,商品,2336,1927,131.45,0.4877,778
2024-12-11,商品詳細 - イヤホン,/products/earphone,商品,2125,1432,70.79,0.2503,380
2024-12-11,カート,/cart,CV,3073,2330,32.44,0.3187,975
2024-12-11,購入手続き,/checkout,CV,1341,1027,81.41,0.3113,246
2024-12-11,購入完了,/thanks,CV,906,731,127.47,0.2837,168
2024-12-11,会社概要,/about,その他,1040,813,47.73,0.4839,162
2024-12-11,お問い合わせ,/contact,その他,782,538,31.93,0.3263,194
2024-12-11,検索結果,/search,検索,1645,1380,107.17,0.4197,311
2024-12-12,トップページ,/,TOP,13920,9674,88.31,0.4321,2632
2024-12-12,商品一覧,/products,商品,8237,5590,56.53,0.279,2773
2024-12-12,商品詳細 - スマートフォン,/products/smartphone,商品,6407,4696,179.34,0.5121,1760
2024-12-12,商品詳細 - ノートPC,/products/laptop,商品,6144,4188,90.41,0.3417,1682
2024-12-12,商品詳細 - タブレット,/products/tablet,商品,3515,2386,124.86,0.29,569
2024-12-12,商品詳細 - イヤホン,/products/earphone,商品,2816,2177,143.02,0.4602,1005
2024-12-12,カート,/cart,CV,4369,3419,58.0,0.3238,710
2024-12-12,購入手続き,/checkout,CV,1996,1418,157.49,0.3234,367
2024-12-12,購入完了,/thanks,CV,1393,1171,101.77,0.1216,439
2024-12-12,会社概要,/about,その他,1665,1034,45.82,0.2671,388
2024-12-12,お問い合わせ,/contact,その他,1111,731,153.01,0.4413,155
2024-12-12,検索結果,/search,検索,2182,1685,76.17,0.3257,647
2024-12-13,トップページ,/,TOP,11020,8843,139.53,0.4249,2736
2024-12-13,商品一覧,/products,商品,7231,5181,135.26,0.307,1901
2024-12-13,商品詳細 - スマートフォン,/products/smartphone,商品,4305,3563,77.37,0.2563,773
2024-12-13,商品詳細 - ノートPC,/products/laptop,商品,4208,3263,131.35,0.3494,1040
2024-12-13,商品詳細 - タブレット,/products/tablet,商品,2515,1794,170.21,0.3737,493
2024-12-13,商品詳細 - イヤホン,/products/earphone,商品,1612,1202,86.68,0.5408,262
2024-12-13,カート,/cart,CV,2846,2067,128.72,0.2324,1032
2024-12-13,購入手続き,/checkout,CV,1491,1026,47.27,0.2801,477
2024-12-13,購入完了,/thanks,CV,1102,767,96.31,0.2319,302
2024-12-13,会社概要,/about,その他,940,755,127.31,0.5322,367
2024-12-13,お問い合わせ,/contact,その他,654,470,117.26,0.4305,150
2024-12-13,検索結果,/search,検索,1422,898,54.4,0.3675,377
2024-12-14,トップページ,/,TOP,12793,7863,119.28,0.4157,3629
2024-12-14,商品一覧,/products,商品,10746,7375,111.04,0.4909,1650
2024-12-14,商品詳細 - スマートフォン,/products/smartphone,商品,7133,5899,74.45,0.3689,1433
2024-12-14,商品詳細 - ノートPC,/products/laptop,商品,4984,3529,42.09,0.4287,1700
2024-12-14,商品詳細 - タブレット,/products/tablet,商品,3829,2858,42.03,0.4985,980
2024-12-14,商品詳細 - イヤホン,/products/earphone,商品,3046,2458,71.56,0.485,1185
2024-12-14,カート,/cart,CV,3937,3223,56.57,0.3942,1342
2024-12-14,購入手続き,/checkout,CV,1890,1325,117.1,0.3033,637
2024-12-14,購入完了,/thanks,CV,1857,1337,172.58,0.2619,276
2024-12-14,会社概要,/about,その他,2072,1287,72.05,0.4943,308
2024-12-14,お問い合わせ,/contact,その他,1130,859,38.18,0.3643,326
2024-12-14,検索結果,/search,検索,2689,1871,96.39,0.3149,401
2024-12-15,トップページ,/,TOP,15261,12309,82.97,0.4264,5415
2024-12-15,商品一覧,/products,商品,9952,8026,147.66,0.4394,3046
2024-12-15,商品詳細 - スマートフォン,/products/smartphone,商品,6270,5263,120.76,0.4123,1400
2024-12-15,商品詳細 - ノートPC,/products/laptop,商品,5682,4221,38.94,0.3055,1609
2024-12-15,商品詳細 - タブレット,/products/tablet,商品,3589,2623,129.98,0.318,587
2024-12-15,商品詳細 - イヤホン,/products/earphone,商品,2642,1693,60.34,0.3053,535
2024-12-15,カート,/cart,CV,3551,2483,102.49,0.3023,781
2024-12-15,購入手続き,/checkout,CV,2458,1564,39.31,0.3011,346
2024-12-15,購入完了,/thanks,CV,1671,1239,113.68,0.2756,604
2024-12-15,会社概要,/about,その他,1330,830,57.79,0.2632,300
2024-12-15,お問い合わせ,/contact,その他,1145,700,156.32,0.5338,202
2024-12-15,検索結果,/search,検索,1798,1155,48.49,0.2881,410
2024-12-16,トップページ,/,TOP,9999,6894,132.65,0.5469,3341
2024-12-16,商品一覧,/products,商品,6868,4776,41.51,0.4164,961
2024-12-16,商品詳細 - スマートフォン,/products/smartphone,商品,5707,4339,103.45,0.3732,1408
2024-12-16,商品詳細 - ノートPC,/products/laptop,商品,3604,2464,44.76,0.3031,1200
2024-12-16,商品詳細 - タブレット,/products/tablet,商品,2777,2172,88.97,0.3446,588
2024-12-16,商品詳細 - イヤホン,/products/earphone,商品,1867,1203,131.63,0.4893,437
2024-12-16,カート,/cart,CV,3526,2928,72.09,0.2145,892
2024-12-16,購入手続き,/checkout,CV,1982,1680,161.15,0.2481,754
2024-12-16,購入完了,/thanks,CV,1188,831,176.73,0.1819,211
2024-12-16,会社概要,/about,その他,1495,1021,93.0,0.4693,381
2024-12-16,お問い合わせ,/contact,その他,1008,807,38.94,0.5099,328
2024-12-16,検索結果,/search,検索,1524,1072,90.41,0.4146,381
2024-12-17,トップページ,/,TOP,10143,6428,89.4,0.4526,1542
2024-12-17,商品一覧,/products,商品,5261,4405,166.06,0.5139,2191
2024-12-17,商品詳細 - スマートフォン,/products/smartphone,商品,3588,2471,102.57,0.4508,804
2024-12-17,商品詳細 - ノートPC,/products/laptop,商品,3192,2389,54.22,0.4227,815
2024-12-17,商品詳細 - タブレット,/products/tablet,商品,2074,1540,141.34,0.313,319
2024-12-17,商品詳細 - イヤホン,/products/earphone,商品,1594,1267,69.17,0.4192,517
2024-12-17,カート,/cart,CV,2781,2222,121.52,0.347,769
2024-12-17,購入手続き,/checkout,CV,1155,768,119.89,0.2838,271
2024-12-17,購入完了,/thanks,CV,929,558,72.84,0.1992,234
2024-12-17,会社概要,/about,その他,822,613,56.16,0.5324,209
2024-12-17,お問い合わせ,/contact,その他,566,428,91.1,0.4152,152
2024-12-17,検索結果,/search,検索,1568,1017,159.25,0.2568,379
2024-12-18,トップページ,/,TOP,10528,7887,94.45,0.493,3351
2024-12-18,商品一覧,/products,商品,7638,5675,70.32,0.3042,1473
2024-12-18,商品詳細 - スマートフォン,/products/smartphone,商品,3927,2657,118.2,0.4165,871
2024-12-18,商品詳細 - ノートPC,/products/laptop,商品,3810,2363,55.77,0.2763,839
2024-12-18,商品詳細 - タブレット,/products/tablet,商品,1935,1298,151.78,0.3701,264
2024-12-18,商品詳細 - イヤホン,/products/earphone,商品,1929,1479,169.91,0.4896,304
2024-12-18,カート,/cart,CV,2510,2062,114.69,0.2917,822
2024-12-18,購入手続き,/checkout,CV,1561,1300,138.02,0.3994,372
2024-12-18,購入完了,/thanks,CV,1258,770,164.61,0.1462,213
2024-12-18,会社概要,/about,その他,970,615,105.01,0.5077,247
2024-12-18,お問い合わせ,/contact,その他,652,514,76.89,0.478,166
2024-12-18,検索結果,/search,検索,1287,1086,170.18,0.4437,316
2024-12-19,トップページ,/,TOP,8112,6420,174.85,0.4575,2041
2024-12-19,商品一覧,/products,商品,4473,3434,116.26,0.4688,899
2024-12-19,商品詳細 - スマートフォン,/products/smartphone,商品,3505,2376,126.78,0.3782,1006
2024-12-19,商品詳細 - ノートPC,/products/laptop,商品,2603,1825,59.79,0.3307,793
2024-12-19,商品詳細 - タブレット,/products/tablet,商品,2036,1410,164.55,0.4754,639
2024-12-19,商品詳細 - イヤホン,/products/earphone,商品,1273,1068,80.89,0.363,233
2024-12-19,カート,/cart,CV,2320,1455,77.54,0.2497,644
2024-12-19,購入手続き,/checkout,CV,1341,906,158.58,0.3717,389
2024-12-19,購入完了,/thanks,CV,751,580,132.38,0.289,173
2024-12-19,会社概要,/about,その他,875,666,47.99,0.4032,195
2024-12-19,お問い合わせ,/contact,その他,653,532,172.86,0.2912,158
2024-12-19,検索結果,/search,検索,1242,978,171.86,0.4936,287
2024-12-20,トップページ,/,TOP,12586,7965,141.3,0.4615,3212
2024-12-20,商品一覧,/products,商品,7140,5842,38.05,0.3007,2425
2024-12-20,商品詳細 - スマートフォン,/products/smartphone,商品,5232,4249,55.24,0.365,1916
2024-12-20,商品詳細 - ノートPC,/products/laptop,商品,4489,2905,106.67,0.4661,1107
2024-12-20,商品詳細 - タブレット,/products/tablet,商品,2600,2098,136.41,0.4989,485
2024-12-20,商品詳細 - イヤホン,/products/earphone,商品,2500,1919,84.45,0.4591,890
2024-12-20,カート,/cart,CV,3840,2412,162.96,0.2816,516
2024-12-20,購入手続き,/checkout,CV,2086,1605,70.58,0.3263,440
2024-12-20,購入完了,/thanks,CV,1554,1048,88.97,0.2551,253
2024-12-20,会社概要,/about,その他,1062,781,85.37,0.5427,239
2024-12-20,お問い合わせ,/contact,その他,825,602,161.99,0.3822,211
2024-12-20,検索結果,/search,検索,1766,1120,67.5,0.5448,248
2024-12-21,トップページ,/,TOP,12743,9542,93.33,0.3745,4155
2024-12-21,商品一覧,/products,商品,7564,6089,92.85,0.4446,2054
2024-12-21,商品詳細 - スマートフォン,/products/smartphone,商品,5183,4084,78.13,0.4039,1547
2024-12-21,商品詳細 - ノートPC,/products/laptop,商品,5733,4063,81.75,0.5262,879
2024-12-21,商品詳細 - タブレット,/products/tablet,商品,2531,1783,30.03,0.3159,846
2024-12-21,商品詳細 - イヤホン,/products/earphone,商品,2721,2137,48.05,0.3003,470
2024-12-21,カート,/cart,CV,4171,3471,47.87,0.2861,1227
2024-12-21,購入手続き,/checkout,CV,1798,1247,137.81,0.3243,290
2024-12-21,購入完了,/thanks,CV,1168,991,38.07,0.1465,254
2024-12-21,会社概要,/about,その他,1170,816,81.19,0.4907,271
2024-12-21,お問い合わせ,/contact,その他,1024,744,159.91,0.5084,151
2024-12-21,検索結果,/search,検索,2126,1520,102.48,0.5467,754
2024-12-22,トップページ,/,TOP,17847,11817,178.82,0.4115,5403
2024-12-22,商品一覧,/products,商品,9784,7598,31.05,0.3537,2439
2024-12-22,商品詳細 - スマートフォン,/products/smartphone,商品,6950,5592,154.13,0.3512,1119
2024-12-22,商品詳細 - ノートPC,/products/laptop,商品,5981,3949,40.23,0.3201,1011
2024-12-22,商品詳細 - タブレット,/products/tablet,商品,3973,2673,86.53,0.3752,1236
2024-12-22,商品詳細 - イヤホン,/products/earphone,商品,3764,2722,46.02,0.349,1322
2024-12-22,カート,/cart,CV,4271,2880,78.06,0.2596,717
2024-12-22,購入手続き,/checkout,CV,2885,1819,48.58,0.327,402
2024-12-22,購入完了,/thanks,CV,2262,1464,111.69,0.2643,326
2024-12-22,会社概要,/about,その他,2297,1520,55.32,0.5079,693
2024-12-22,お問い合わせ,/contact,その他,1043,759,170.22,0.4808,358
2024-12-22,検索結果,/search,検索,2923,2402,72.63,0.3098,688
2024-12-23,トップページ,/,TOP,7024,4905,53.98,0.4134,1998
2024-12-23,商品一覧,/products,商品,4611,3124,149.47,0.401,1317
2024-12-23,商品詳細 - スマートフォン,/products/smartphone,商品,3752,2397,43.12,0.4141,750
2024-12-23,商品詳細 - ノートPC,/products/laptop,商品,2852,1739,173.35,0.3322,845
2024-12-23,商品詳細 - タブレット,/products/tablet,商品,1668,1018,88.83,0.3037,493
2024-12-23,商品詳細 - イヤホン,/products/earphone,商品,1265,1000,177.19,0.2826,314
2024-12-23,カート,/cart,CV,2624,1799,58.8,0.3255,438
2024-12-23,購入手続き,/checkout,CV,1389,1152,123.82,0.3775,509
2024-12-23,購入完了,/thanks,CV,733,501,125.35,0.1627,153
2024-12-23,会社概要,/about,その他,761,570,87.32,0.4943,136
2024-12-23,お問い合わせ,/contact,その他,519,342,126.42,0.34,130
2024-12-23,検索結果,/search,検索,1274,879,60.61,0.4972,299
2024-12-24,トップページ,/,TOP,11225,7240,162.55,0.283,2192
2024-12-24,商品一覧,/products,商品,7744,4695,77.42,0.457,1017
2024-12-24,商品詳細 - スマートフォン,/products/smartphone,商品,5020,3314,42.09,0.366,809
2024-12-24,商品詳細 - ノートPC,/products/laptop,商品,3684,2293,30.91,0.5232,791
2024-12-24,商品詳細 - タブレット,/products/tablet,商品,2042,1382,54.25,0.5278,676
2024-12-24,商品詳細 - イヤホン,/products/earphone,商品,1768,1388,162.67,0.414,508
2024-12-24,カート,/cart,CV,3250,2108,167.47,0.2332,628
2024-12-24,購入手続き,/checkout,CV,1521,1201,172.81,0.2678,506
2024-12-24,購入完了,/thanks,CV,1249,1024,68.56,0.1099,347
2024-12-24,会社概要,/about,その他,1071,841,93.57,0.5258,254
2024-12-24,お問い合わせ,/contact,その他,949,674,82.75,0.3967,318
2024-12-24,検索結果,/search,検索,1647,1302,81.28,0.4935,429
2024-12-25,トップページ,/,TOP,10409,7190,171.15,0.4882,2782
2024-12-25,商品一覧,/products,商品,7213,5779,89.26,0.5035,1244
2024-12-25,商品詳細 - スマートフォン,/products/smartphone,商品,4213,3237,142.34,0.3851,994
2024-12-25,商品詳細 - ノートPC,/products/laptop,商品,3851,2490,111.85,0.4748,650
2024-12-25,商品詳細 - タブレット,/products/tablet,商品,2010,1582,62.4,0.3948,775
2024-12-25,商品詳細 - イヤホン,/products/earphone,商品,1984,1665,101.27,0.3781,781
2024-12-25,カート,/cart,CV,2952,2293,97.01,0.2504,543
2024-12-25,購入手続き,/checkout,CV,1289,773,176.59,0.2079,210
2024-12-25,購入完了,/thanks,CV,1167,945,52.97,0.2101,395
2024-12-25,会社概要,/about,その他,1140,892,176.31,0.4809,331
2024-12-25,お問い合わせ,/contact,その他,684,521,164.61,0.2705,122
2024-12-25,検索結果,/search,検索,1361,1094,89.05,0.4292,374
2024-12-26,トップページ,/,TOP,8734,5982,43.22,0.5109,2590
2024-12-26,商品一覧,/products,商品,6273,4048,54.82,0.3791,1667
2024-12-26,商品詳細 - スマートフォン,/products/smartphone,商品,3723,2825,61.76,0.3089,600
2024-12-26,商品詳細 - ノートPC,/products/laptop,商品,2841,2102,130.04,0.5074,694
2024-12-26,商品詳細 - タブレット,/products/tablet,商品,2168,1690,109.14,0.529,469
2024-12-26,商品詳細 - イヤホン,/products/earphone,商品,1256,981,75.42,0.2864,352
2024-12-26,カート,/cart,CV,2510,1882,86.96,0.2333,724
2024-12-26,購入手続き,/checkout,CV,1453,1136,144.33,0.3845,428
2024-12-26,購入完了,/thanks,CV,804,616,120.37,0.2247,213
2024-12-26,会社概要,/about,その他,928,634,59.63,0.4058,279
2024-12-26,お問い合わせ,/contact,その他,535,332,128.75,0.3809,109
2024-12-26,検索結果,/search,検索,1114,823,169.93,0.3541,392
2024-12-27,トップページ,/,TOP,9233,6296,35.51,0.4711,2155
2024-12-27,商品一覧,/products,商品,6206,5151,112.92,0.2536,2174
2024-12-27,商品詳細 - スマートフォン,/products/smartphone,商品,4401,2734,107.7,0.5417,1050
2024-12-27,商品詳細 - ノートPC,/products/laptop,商品,3301,2379,41.23,0.3787,551
2024-12-27,商品詳細 - タブレット,/products/tablet,商品,2512,1657,105.74,0.3085,713
2024-12-27,商品詳細 - イヤホン,/products/earphone,商品,1521,1131,35.47,0.2858,244
2024-12-27,カート,/cart,CV,3346,2106,95.68,0.209,954
2024-12-27,購入手続き,/checkout,CV,1335,941,97.36,0.208,351
2024-12-27,購入完了,/thanks,CV,1138,777,45.99,0.1631,240
2024-12-27,会社概要,/about,その他,929,735,175.51,0.5399,337
2024-12-27,お問い合わせ,/contact,その他,767,594,124.62,0.3356,199
2024-12-27,検索結果,/search,検索,1465,1156,77.71,0.3346,551
2024-12-28,トップページ,/,TOP,12087,8719,121.55,0.5238,3173
2024-12-28,商品一覧,/products,商品,9522,6530,113.88,0.5056,2314
2024-12-28,商品詳細 - スマートフォン,/products/smartphone,商品,5924,3578,86.55,0.5391,1363
2024-12-28,商品詳細 - ノートPC,/products/laptop,商品,4890,3769,116.35,0.5298,896
2024-12-28,商品詳細 - タブレット,/products/tablet,商品,3642,2882,161.98,0.3719,1137
2024-12-28,商品詳細 - イヤホン,/products/earphone,商品,3408,2576,76.45,0.2894,671
2024-12-28,カート,/cart,CV,5471,4322,75.14,0.3353,1103
2024-12-28,購入手続き,/checkout,CV,2592,1862,122.49,0.2452,394
2024-12-28,購入完了,/thanks,CV,1640,1176,177.7,0.1296,308
2024-12-28,会社概要,/about,その他,1502,977,93.83,0.4807,361
2024-12-28,お問い合わせ,/contact,その他,950,578,152.5,0.3837,269
2024-12-28,検索結果,/search,検索,1962,1441,88.2,0.524,646
2024-12-29,トップページ,/,TOP,7827,6526,171.2,0.4754,2629
2024-12-29,商品一覧,/products,商品,6242,5209,79.83,0.3327,2136
2024-12-29,商品詳細 - スマートフォン,/products/smartphone,商品,4869,4052,149.7,0.3114,1708
2024-12-29,商品詳細 - ノートPC,/products/laptop,商品,3028,2109,75.67,0.3348,1043
2024-12-29,商品詳細 - タブレット,/products/tablet,商品,2326,1812,86.58,0.543,798
2024-12-29,商品詳細 - イヤホン,/products/earphone,商品,1786,1459,172.15,0.3042,387
2024-12-29,カート,/cart,CV,2730,2154,121.23,0.2788,718
2024-12-29,購入手続き,/checkout,CV,1609,1057,74.99,0.2117,361
2024-12-29,購入完了,/thanks,CV,954,657,38.61,0.18,246
2024-12-29,会社概要,/about,その他,1269,809,129.71,0.4293,263
2024-12-29,お問い合わせ,/contact,その他,792,556,31.1,0.4014,226
2024-12-29,検索結果,/search,検索,1562,952,176.85,0.3605,310
2024-12-30,トップページ,/,TOP,7622,6307,117.31,0.4652,2770
2024-12-30,商品一覧,/products,商品,6283,4487,87.91,0.3925,2198
2024-12-30,商品詳細 - スマートフォン,/products/smartphone,商品,3944,2448,102.08,0.5089,540
2024-12-30,商品詳細 - ノートPC,/products/laptop,商品,3107,2188,60.6,0.5133,980
2024-12-30,商品詳細 - タブレット,/products/tablet,商品,1870,1147,106.89,0.5416,329
2024-12-30,商品詳細 - イヤホン,/products/earphone,商品,1504,1224,58.9,0.3415,292
2024-12-30,カート,/cart,CV,2240,1780,64.12,0.2943,444
2024-12-30,購入手続き,/checkout,CV,1137,949,178.22,0.2686,327
2024-12-30,購入完了,/thanks,CV,796,654,136.45,0.1921,323
2024-12-30,会社概要,/about,その他,749,467,72.27,0.4661,119
2024-12-30,お問い合わせ,/contact,その他,497,300,50.17,0.4823,102
2024-12-30,検索結果,/search,検索,1270,898,147.53,0.2581,182
2024-12-31,トップページ,/,TOP,11583,9536,110.33,0.3799,3271
2024-12-31,商品一覧,/products,商品,7214,5928,80.37,0.5182,2279
2024-12-31,商品詳細 - スマートフォン,/products/smartphone,商品,5892,4952,97.92,0.4027,1404
2024-12-31,商品詳細 - ノートPC,/products/laptop,商品,4963,3154,72.38,0.4239,894
2024-12-31,商品詳細 - タブレット,/products/tablet,商品,2420,2056,116.78,0.2665,462
2024-12-31,商品詳細 - イヤホン,/products/earphone,商品,1807,1282,68.82,0.4031,378
2024-12-31,カート,/cart,CV,2800,1892,171.71,0.3933,568
2024-12-31,購入手続き,/checkout,CV,1725,1427,151.6,0.2012,691
2024-12-31,購入完了,/thanks,CV,1052,673,110.63,0.2921,137
2024-12-31,会社概要,/about,その他,1136,809,139.97,0.4579,403
2024-12-31,お問い合わせ,/contact,その他,767,563,90.85,0.41,141
2024-12-31,検索結果,/search,検索,1997,1624,120.49,0.3995,435
2025-01-01,トップページ,/,TOP,7077,5475,178.54,0.4046,2099
2025-01-01,商品一覧,/products,商品,4749,3766,87.68,0.3011,1145
2025-01-01,商品詳細 - スマートフォン,/products/smartphone,商品,3247,2582,149.1,0.3953,962
2025-01-01,商品詳細 - ノートPC,/products/laptop,商品,2606,2091,63.66,0.3215,734
2025-01-01,商品詳細 - タブレット,/products/tablet,商品,1509,908,106.66,0.4445,302
2025-01-01,商品詳細 - イヤホン,/products/earphone,商品,1650,1225,50.92,0.509,454
2025-01-01,カート,/cart,CV,2553,1903,85.81,0.3436,433
2025-01-01,購入手続き,/checkout,CV,1094,764,66.6,0.3734,374
2025-01-01,購入完了,/thanks,CV,987,653,164.33,0.1696,319
2025-01-01,会社概要,/about,その他,815,554,133.17,0.4078,156
2025-01-01,お問い合わせ,/contact,その他,609,373,87.94,0.2648,114
2025-01-01,検索結果,/search,検索,1030,744,58.84,0.3462,217
2025-01-02,トップページ,/,TOP,9705,6820,116.48,0.3834,3375
2025-01-02,商品一覧,/products,商品,5265,4055,121.1,0.4648,918
2025-01-02,商品詳細 - スマートフォン,/products/smartphone,商品,4191,2581,140.94,0.4288,679
2025-01-02,商品詳細 - ノートPC,/products/laptop,商品,3708,2252,99.05,0.5031,597
2025-01-02,商品詳細 - タブレット,/products/tablet,商品,1670,1400,59.86,0.2718,426
2025-01-02,商品詳細 - イヤホン,/products/earphone,商品,1709,1258,73.46,0.2877,341
2025-01-02,カート,/cart,CV,2310,1623,62.62,0.3408,503
2025-01-02,購入手続き,/checkout,CV,1247,1052,150.02,0.3909,286
2025-01-02,購入完了,/thanks,CV,809,549,105.89,0.1534,237
2025-01-02,会社概要,/about,その他,1118,906,133.09,0.3579,266
2025-01-02,お問い合わせ,/contact,その他,537,416,91.38,0.2529,124
2025-01-02,検索結果,/search,検索,1405,1112,151.74,0.3412,320
2025-01-03,トップページ,/,TOP,7758,6064,178.11,0.4579,1622
2025-01-03,商品一覧,/products,商品,6079,4573,53.45,0.5245,1945
2025-01-03,商品詳細 - スマートフォン,/products/smartphone,商品,3909,2613,80.07,0.3923,976
2025-01-03,商品詳細 - ノートPC,/products/laptop,商品,3664,2719,107.81,0.4395,585
2025-01-03,商品詳細 - タブレット,/products/tablet,商品,1699,1228,57.26,0.3431,431
2025-01-03,商品詳細 - イヤホン,/products/earphone,商品,1473,978,49.99,0.3892,467
2025-01-03,カート,/cart,CV,2910,2260,146.38,0.2212,999
2025-01-03,購入手続き,/checkout,CV,1404,882,155.15,0.3288,329
2025-01-03,購入完了,/thanks,CV,1007,719,35.16,0.2057,281
2025-01-03,会社概要,/about,その他,792,561,111.81,0.3378,134
2025-01-03,お問い合わせ,/contact,その他,682,544,45.65,0.299,132
2025-01-03,検索結果,/search,検索,1459,1068,46.01,0.3902,421
2025-01-04,トップページ,/,TOP,16545,13352,41.29,0.4378,3120
2025-01-04,商品一覧,/products,商品,8512,5655,69.01,0.2907,1784
2025-01-04,商品詳細 - スマートフォン,/products/smartphone,商品,8149,6132,136.55,0.5005,1433
2025-01-04,商品詳細 - ノートPC,/products/laptop,商品,6313,4221,81.14,0.4417,2107
2025-01-04,商品詳細 - タブレット,/products/tablet,商品,3134,2099,33.7,0.5292,858
2025-01-04,商品詳細 - イヤホン,/products/earphone,商品,3144,2543,176.34,0.5423,558
2025-01-04,カート,/cart,CV,5209,3967,49.25,0.3295,1567
2025-01-04,購入手続き,/checkout,CV,2752,2278,35.99,0.2878,703
2025-01-04,購入完了,/thanks,CV,1956,1516,38.27,0.1919,497
2025-01-04,会社概要,/about,その他,1709,1422,76.75,0.4423,508
2025-01-04,お問い合わせ,/contact,その他,953,803,101.68,0.358,246
2025-01-04,検索結果,/search,検索,2476,1895,70.22,0.4646,558
2025-01-05,トップページ,/,TOP,11801,9014,119.65,0.2619,4154
2025-01-05,商品一覧,/products,商品,11557,8231,41.55,0.3878,3302
2025-01-05,商品詳細 - スマートフォン,/products/smartphone,商品,7519,4971,155.83,0.3764,2302
2025-01-05,商品詳細 - ノートPC,/products/laptop,商品,4982,3674,45.28,0.3077,1739
2025-01-05,商品詳細 - タブレット,/products/tablet,商品,3758,2968,156.56,0.2646,983
2025-01-05,商品詳細 - イヤホン,/products/earphone,商品,2601,1915,143.5,0.2774,717
2025-01-05,カート,/cart,CV,3885,2513,38.55,0.2368,945
2025-01-05,購入手続き,/checkout,CV,2523,1524,115.92,0.2098,679
2025-01-05,購入完了,/thanks,CV,1550,1065,71.13,0.2193,221
2025-01-05,会社概要,/about,その他,1822,1378,141.25,0.4242,554
2025-01-05,お問い合わせ,/contact,その他,979,673,49.48,0.2878,271
2025-01-05,検索結果,/search,検索,2539,2134,57.62,0.4385,494
2025-01-06,トップページ,/,TOP,11741,8743,147.22,0.4355,3593
2025-01-06,商品一覧,/products,商品,8518,5230,157.63,0.4743,1494
2025-01-06,商品詳細 - スマートフォン,/products/smartphone,商品,5290,3589,35.01,0.5374,1342
2025-01-06,商品詳細 - ノートPC,/products/laptop,商品,3617,2814,65.31,0.3028,980
2025-01-06,商品詳細 - タブレット,/products/tablet,商品,2920,1906,143.85,0.2933,667
2025-01-06,商品詳細 - イヤホン,/products/earphone,商品,2430,1547,64.93,0.4438,382
2025-01-06,カート,/cart,CV,3584,2682,76.42,0.351,896
2025-01-06,購入手続き,/checkout,CV,1606,1358,74.22,0.2584,416
2025-01-06,購入完了,/thanks,CV,1284,851,69.85,0.2831,398
2025-01-06,会社概要,/about,その他,1053,804,55.31,0.5221,394
2025-01-06,お問い合わせ,/contact,その他,819,685,75.24,0.453,175
2025-01-06,検索結果,/search,検索,1538,958,45.7,0.2932,313
2025-01-07,トップページ,/,TOP,9678,6148,126.51,0.2891,1593
2025-01-07,商品一覧,/products,商品,5228,3354,153.22,0.5271,1027
2025-01-07,商品詳細 - スマートフォン,/products/smartphone,商品,4413,3240,132.4,0.4531,1259
2025-01-07,商品詳細 - ノートPC,/products/laptop,商品,3138,1913,163.65,0.3867,709
2025-01-07,商品詳細 - タブレット,/products/tablet,商品,2353,1995,133.77,0.2991,802
2025-01-07,商品詳細 - イヤホン,/products/earphone,商品,2063,1746,66.54,0.456,767
2025-01-07,カート,/cart,CV,2334,1855,87.43,0.382,721
2025-01-07,購入手続き,/checkout,CV,1346,954,144.32,0.2621,458
2025-01-07,購入完了,/thanks,CV,1221,785,140.61,0.2749,216
2025-01-07,会社概要,/about,その他,858,572,124.98,0.5237,238
2025-01-07,お問い合わせ,/contact,その他,625,487,86.3,0.2584,188
2025-01-07,検索結果,/search,検索,1188,957,127.84,0.3205,307
2025-01-08,トップページ,/,TOP,8323,5217,166.43,0.2551,1465
2025-01-08,商品一覧,/products,商品,6509,5531,69.78,0.3134,2206
2025-01-08,商品詳細 - スマートフォン,/products/smartphone,商品,4564,3783,149.27,0.4009,910
2025-01-08,商品詳細 - ノートPC,/products/laptop,商品,3818,3211,74.91,0.2991,738
2025-01-08,商品詳細 - タブレット,/products/tablet,商品,1748,1405,43.26,0.3635,425
2025-01-08,商品詳細 - イヤホン,/products/earphone,商品,1911,1447,54.98,0.3748,717
2025-01-08,カート,/cart,CV,2894,1940,38.49,0.214,458
2025-01-08,購入手続き,/checkout,CV,1323,1100,156.44,0.2993,367
2025-01-08,購入完了,/thanks,CV,1042,815,84.18,0.1348,318
2025-01-08,会社概要,/about,その他,796,549,179.43,0.4104,187
2025-01-08,お問い合わせ,/contact,その他,722,511,119.31,0.4889,238
2025-01-08,検索結果,/search,検索,1236,928,92.61,0.439,225
2025-01-09,トップページ,/,TOP,6305,3809,65.47,0.5121,1003
2025-01-09,商品一覧,/products,商品,5933,4034,54.38,0.4018,1968
2025-01-09,商品詳細 - スマートフォン,/products/smartphone,商品,4122,3363,144.35,0.372,817
2025-01-09,商品詳細 - ノートPC,/products/laptop,商品,2419,1463,98.31,0.426,519
2025-01-09,商品詳細 - タブレット,/products/tablet,商品,1451,1023,96.4,0.4654,429
2025-01-09,商品詳細 - イヤホン,/products/earphone,商品,1345,1080,61.61,0.4265,292
2025-01-09,カート,/cart,CV,2532,2044,68.75,0.2831,940
2025-01-09,購入手続き,/checkout,CV,1286,915,60.64,0.2976,355
2025-01-09,購入完了,/thanks,CV,852,723,102.88,0.196,267
2025-01-09,会社概要,/about,その他,1054,843,137.8,0.3853,316
2025-01-09,お問い合わせ,/contact,その他,600,388,66.87,0.3892,184
2025-01-09,検索結果,/search,検索,1125,942,124.73,0.4099,341
2025-01-10,トップページ,/,TOP,6756,4688,123.44,0.2797,1566
2025-01-10,商品一覧,/products,商品,6346,4157,90.95,0.2994,1986
2025-01-10,商品詳細 - スマートフォン,/products/smartphone,商品,4128,2909,42.63,0.4052,1441
2025-01-10,商品詳細 - ノートPC,/products/laptop,商品,3384,2271,46.42,0.4257,1112
2025-01-10,商品詳細 - タブレット,/products/tablet,商品,1656,1261,137.63,0.3236,546
2025-01-10,商品詳細 - イヤホン,/products/earphone,商品,1696,1278,41.79,0.5177,382
2025-01-10,カート,/cart,CV,2282,1932,139.89,0.2779,783
2025-01-10,購入手続き,/checkout,CV,1123,740,91.67,0.2563,200
2025-01-10,購入完了,/thanks,CV,769,630,81.24,0.2931,189
2025-01-10,会社概要,/about,その他,764,588,51.99,0.4976,145
2025-01-10,お問い合わせ,/contact,その他,708,533,123.38,0.2635,155
2025-01-10,検索結果,/search,検索,1202,952,90.05,0.4933,460
2025-01-11,トップページ,/,TOP,12476,9892,164.63,0.3952,4672
2025-01-11,商品一覧,/products,商品,7792,6499,148.7,0.4977,1691
2025-01-11,商品詳細 - スマートフォン,/products/smartphone,商品,6980,5671,172.84,0.3367,1219
2025-01-11,商品詳細 - ノートPC,/products/laptop,商品,4458,3273,126.77,0.4227,671
2025-01-11,商品詳細 - タブレット,/products/tablet,商品,3683,2250,32.1,0.2929,832
2025-01-11,商品詳細 - イヤホン,/products/earphone,商品,3040,2330,31.99,0.4968,844
2025-01-11,カート,/cart,CV,4080,2956,132.67,0.2144,1037
2025-01-11,購入手続き,/checkout,CV,2293,1653,127.24,0.2299,416
2025-01-11,購入完了,/thanks,CV,1787,1346,174.35,0.1314,478
2025-01-11,会社概要,/about,その他,1289,975,150.55,0.326,434
2025-01-11,お問い合わせ,/contact,その他,1235,895,143.02,0.3865,214
2025-01-11,検索結果,/search,検索,2112,1555,92.7,0.2768,709
2025-01-12,トップページ,/,TOP,13215,8256,69.4,0.2772,3817
2025-01-12,商品一覧,/products,商品,7092,5531,123.47,0.2803,1697
2025-01-12,商品詳細 - スマートフォン,/products/smartphone,商品,6194,4078,65.35,0.4418,1688
2025-01-12,商品詳細 - ノートPC,/products/laptop,商品,5318,3359,119.04,0.51,799
2025-01-12,商品詳細 - タブレット,/products/tablet,商品,2695,1725,143.83,0.4601,399
2025-01-12,商品詳細 - イヤホン,/products/earphone,商品,2319,1863,107.03,0.5308,903
2025-01-12,カート,/cart,CV,3754,2622,103.95,0.3696,895
2025-01-12,購入手続き,/checkout,CV,1843,1495,90.53,0.3664,448
2025-01-12,購入完了,/thanks,CV,1383,1027,149.09,0.1477,355
2025-01-12,会社概要,/about,その他,1295,811,172.39,0.3217,236
2025-01-12,お問い合わせ,/contact,その他,802,573,35.27,0.3421,170
2025-01-12,検索結果,/search,検索,1883,1389,97.1,0.357,680
2025-01-13,トップページ,/,TOP,9201,6114,98.66,0.323,2615
2025-01-13,商品一覧,/products,商品,6147,4778,92.84,0.2563,2067
2025-01-13,商品詳細 - スマートフォン,/products/smartphone,商品,4344,3218,141.3,0.3115,694
2025-01-13,商品詳細 - ノートPC,/products/laptop,商品,4416,2868,82.88,0.5123,1195
2025-01-13,商品詳細 - タブレット,/products/tablet,商品,2154,1780,56.78,0.288,619
2025-01-13,商品詳細 - イヤホン,/products/earphone,商品,1611,1045,176.47,0.5331,326
2025-01-13,カート,/cart,CV,3620,2665,135.36,0.2539,1059
2025-01-13,購入手続き,/checkout,CV,1851,1233,37.8,0.3344,288
2025-01-13,購入完了,/thanks,CV,930,790,148.01,0.2605,278
2025-01-13,会社概要,/about,その他,1068,681,86.4,0.3354,290
2025-01-13,お問い合わせ,/contact,その他,786,486,45.35,0.2554,157
2025-01-13,検索結果,/search,検索,1816,1378,99.96,0.4905,425
2025-01-14,トップページ,/,TOP,7410,6068,55.22,0.4849,2146
2025-01-14,商品一覧,/products,商品,6294,4759,116.97,0.5339,1723
2025-01-14,商品詳細 - スマートフォン,/products/smartphone,商品,3459,2129,34.87,0.3062,900
2025-01-14,商品詳細 - ノートPC,/products/laptop,商品,3828,2427,53.22,0.5008,704
2025-01-14,商品詳細 - タブレット,/products/tablet,商品,1897,1314,103.34,0.3264,423
2025-01-14,商品詳細 - イヤホン,/products/earphone,商品,2099,1288,37.92,0.2927,499
2025-01-14,カート,/cart,CV,2310,1869,109.05,0.3024,688
2025-01-14,購入手続き,/checkout,CV,1220,792,119.02,0.2638,208
2025-01-14,購入完了,/thanks,CV,892,751,150.4,0.1044,327
2025-01-14,会社概要,/about,その他,968,613,134.61,0.2937,240
2025-01-14,お問い合わせ,/contact,その他,782,652,53.38,0.4576,178
2025-01-14,検索結果,/search,検索,1598,1042,135.49,0.2718,334
2025-01-15,トップページ,/,TOP,7684,5859,172.18,0.2771,1626
2025-01-15,商品一覧,/products,商品,4428,3102,104.48,0.2654,735
2025-01-15,商品詳細 - スマートフォン,/products/smartphone,商品,3032,2085,150.48,0.4819,512
2025-01-15,商品詳細 - ノートPC,/products/laptop,商品,2491,1727,149.77,0.2954,711
2025-01-15,商品詳細 - タブレット,/products/tablet,商品,1383,956,124.23,0.2817,226
2025-01-15,商品詳細 - イヤホン,/products/earphone,商品,1571,1249,116.78,0.3671,591
2025-01-15,カート,/cart,CV,2150,1383,156.47,0.2757,543
2025-01-15,購入手続き,/checkout,CV,1116,911,167.97,0.3788,208
2025-01-15,購入完了,/thanks,CV,803,630,121.01,0.2514,157
2025-01-15,会社概要,/about,その他,883,688,99.57,0.2758,173
2025-01-15,お問い合わせ,/contact,その他,492,297,112.48,0.3701,114
2025-01-15,検索結果,/search,検索,1121,906,48.07,0.3146,412
