date,referrer,referrer_type,sessions,visitors,pageviews,conversions,revenue,bounce_rate
2024-10-18,google,Organic Search,1982,1721,7931,58,2489709,0.5454
2024-10-18,yahoo,Organic Search,642,531,2375,13,558038,0.5321
2024-10-18,bing,Organic Search,189,154,813,4,171704,0.3639
2024-10-18,facebook,Social,362,267,1684,8,343408,0.4407
2024-10-18,twitter,Social,338,250,1398,7,300482,0.5169
2024-10-18,instagram,Social,447,353,1468,10,429260,0.3974
2024-10-18,line,Social,361,315,1719,5,214630,0.3875
2024-10-18,google_ads,Paid Search,766,583,3497,26,1116076,0.4107
2024-10-18,yahoo_ads,Paid Search,380,295,1476,13,558038,0.394
2024-10-18,direct,Direct,870,749,3239,24,1030224,0.4311
2024-10-18,email,Email,409,309,1990,12,515112,0.4809
2024-10-18,affiliate,Affiliate,315,222,1334,6,257556,0.4274
2024-10-19,google,Organic Search,2260,1618,7653,62,2301591,0.5377
2024-10-19,yahoo,Organic Search,712,505,2189,21,779571,0.4793
2024-10-19,bing,Organic Search,225,168,1010,6,222734,0.3421
2024-10-19,facebook,Social,324,245,1132,7,259857,0.4613
2024-10-19,twitter,Social,313,245,984,9,334102,0.3684
2024-10-19,instagram,Social,529,445,1594,13,482591,0.4296
2024-10-19,line,Social,241,213,1189,6,222734,0.4351
2024-10-19,google_ads,Paid Search,872,727,2729,43,1596265,0.4164
2024-10-19,yahoo_ads,Paid Search,331,261,1378,12,445469,0.3892
2024-10-19,direct,Direct,768,665,3323,28,1039428,0.3846
2024-10-19,email,Email,434,321,1336,24,890938,0.4853
2024-10-19,affiliate,Affiliate,334,293,1403,10,371224,0.4325
2024-10-20,google,Organic Search,1807,1431,7692,36,857355,0.4393
2024-10-20,yahoo,Organic Search,814,661,2585,16,381047,0.4034
2024-10-20,bing,Organic Search,245,220,871,6,142892,0.4245
2024-10-20,facebook,Social,345,300,1507,6,142892,0.5206
2024-10-20,twitter,Social,261,185,1246,6,142892,0.3823
2024-10-20,instagram,Social,412,365,1275,7,166708,0.3881
2024-10-20,line,Social,339,250,1305,6,142892,0.3964
2024-10-20,google_ads,Paid Search,1039,832,5170,37,881171,0.4163
2024-10-20,yahoo_ads,Paid Search,305,240,1010,8,190523,0.5369
2024-10-20,direct,Direct,986,806,4380,24,571570,0.5353
2024-10-20,email,Email,427,365,1761,15,357231,0.4382
2024-10-20,affiliate,Affiliate,251,202,887,3,71446,0.3053
2024-10-21,google,Organic Search,1815,1486,7402,37,2190828,0.5422
2024-10-21,yahoo,Organic Search,551,446,2579,11,651327,0.5492
2024-10-21,bing,Organic Search,162,142,547,4,236846,0.4539
2024-10-21,facebook,Social,267,205,942,4,236846,0.4715
2024-10-21,twitter,Social,262,225,815,5,296057,0.4345
2024-10-21,instagram,Social,276,235,1191,8,473692,0.506
2024-10-21,line,Social,235,198,1139,6,355269,0.4293
2024-10-21,google_ads,Paid Search,564,409,2360,21,1243443,0.4206
2024-10-21,yahoo_ads,Paid Search,291,215,1158,7,414481,0.5376
2024-10-21,direct,Direct,635,535,2671,20,1184231,0.3747
2024-10-21,email,Email,267,238,870,9,532904,0.393
2024-10-21,affiliate,Affiliate,180,154,612,3,177634,0.32
2024-10-22,google,Organic Search,2172,1557,10024,47,1254305,0.4929
2024-10-22,yahoo,Organic Search,853,713,2648,31,827307,0.4957
2024-10-22,bing,Organic Search,249,199,862,9,240186,0.5113
2024-10-22,facebook,Social,399,291,1377,12,320248,0.3529
2024-10-22,twitter,Social,326,232,1629,6,160124,0.3062
2024-10-22,instagram,Social,497,431,2042,11,293560,0.5254
2024-10-22,line,Social,342,244,1197,5,133436,0.4673
2024-10-22,google_ads,Paid Search,1014,832,3424,39,1040806,0.5012
2024-10-22,yahoo_ads,Paid Search,434,346,1376,15,400310,0.4398
2024-10-22,direct,Direct,879,693,3224,25,667183,0.4305
2024-10-22,email,Email,378,322,1673,12,320248,0.3916
2024-10-22,affiliate,Affiliate,240,213,835,6,160124,0.3809
2024-10-23,google,Organic Search,2001,1462,7428,49,2853094,0.4743
2024-10-23,yahoo,Organic Search,782,613,3225,17,989849,0.3015
2024-10-23,bing,Organic Search,190,135,838,5,291132,0.53
2024-10-23,facebook,Social,346,281,1648,6,349358,0.5355
2024-10-23,twitter,Social,334,278,1276,4,232905,0.4177
2024-10-23,instagram,Social,375,321,1465,5,291132,0.3754
2024-10-23,line,Social,291,247,1031,6,349358,0.3294
2024-10-23,google_ads,Paid Search,825,673,3355,32,1863245,0.4491
2024-10-23,yahoo_ads,Paid Search,361,290,1167,13,756943,0.3323
2024-10-23,direct,Direct,930,708,4407,33,1921471,0.491
2024-10-23,email,Email,343,247,1528,8,465811,0.3499
2024-10-23,affiliate,Affiliate,289,244,932,5,291132,0.4016
2024-10-24,google,Organic Search,1773,1531,5927,41,2495130,0.502
2024-10-24,yahoo,Organic Search,640,537,2447,15,912852,0.3346
2024-10-24,bing,Organic Search,190,157,698,4,243427,0.5267
2024-10-24,facebook,Social,307,242,1385,4,243427,0.4985
2024-10-24,twitter,Social,237,178,905,5,304284,0.5246
2024-10-24,instagram,Social,413,360,1312,8,486854,0.5162
2024-10-24,line,Social,220,164,843,3,182570,0.3628
2024-10-24,google_ads,Paid Search,662,502,2743,15,912852,0.4105
2024-10-24,yahoo_ads,Paid Search,279,245,1259,9,547711,0.383
2024-10-24,direct,Direct,783,568,2890,16,973709,0.5019
2024-10-24,email,Email,267,193,1259,6,365140,0.4584
2024-10-24,affiliate,Affiliate,214,172,922,4,243427,0.3583
2024-10-25,google,Organic Search,2664,2234,8077,50,2915811,0.3932
2024-10-25,yahoo,Organic Search,729,520,3339,16,933059,0.3544
2024-10-25,bing,Organic Search,249,202,1115,6,349897,0.4655
2024-10-25,facebook,Social,365,277,1511,7,408213,0.4863
2024-10-25,twitter,Social,295,233,1367,4,233264,0.5325
2024-10-25,instagram,Social,473,416,1512,8,466529,0.358
2024-10-25,line,Social,336,292,1286,6,349897,0.3223
2024-10-25,google_ads,Paid Search,907,687,4121,21,1224640,0.3189
2024-10-25,yahoo_ads,Paid Search,438,358,1392,11,641478,0.3843
2024-10-25,direct,Direct,777,669,3045,25,1457905,0.3559
2024-10-25,email,Email,454,332,1873,13,758110,0.5359
2024-10-25,affiliate,Affiliate,248,220,828,3,174948,0.3283
2024-10-26,google,Organic Search,2393,1903,11938,100,4221511,0.4698
2024-10-26,yahoo,Organic Search,643,502,2298,28,1182023,0.4395
2024-10-26,bing,Organic Search,214,149,834,5,211075,0.5092
2024-10-26,facebook,Social,399,302,1420,14,591011,0.3399
2024-10-26,twitter,Social,268,230,1289,6,253290,0.5438
2024-10-26,instagram,Social,415,317,1338,14,591011,0.5175
2024-10-26,line,Social,327,257,1168,7,295505,0.4842
2024-10-26,google_ads,Paid Search,913,649,3387,53,2237400,0.4205
2024-10-26,yahoo_ads,Paid Search,388,328,1842,15,633226,0.5347
2024-10-26,direct,Direct,1044,845,4856,52,2195185,0.3759
2024-10-26,email,Email,372,295,1328,17,717656,0.5404
2024-10-26,affiliate,Affiliate,287,231,893,6,253290,0.3276
2024-10-27,google,Organic Search,2737,2153,12588,80,4554714,0.4849
2024-10-27,yahoo,Organic Search,997,761,4534,26,1480282,0.313
2024-10-27,bing,Organic Search,248,197,808,8,455471,0.3589
2024-10-27,facebook,Social,602,506,2386,17,967876,0.4301
2024-10-27,twitter,Social,489,363,2260,14,797075,0.3493
2024-10-27,instagram,Social,545,425,2650,14,797075,0.3223
2024-10-27,line,Social,412,362,1364,12,683207,0.3917
2024-10-27,google_ads,Paid Search,1292,1154,6239,39,2220423,0.3417
2024-10-27,yahoo_ads,Paid Search,435,383,1473,12,683207,0.4041
2024-10-27,direct,Direct,1208,862,4171,45,2562026,0.5329
2024-10-27,email,Email,597,420,2181,31,1764951,0.457
2024-10-27,affiliate,Affiliate,374,309,1175,11,626273,0.5273
2024-10-28,google,Organic Search,2328,1877,8396,66,2673982,0.3982
2024-10-28,yahoo,Organic Search,571,509,2287,22,891327,0.3207
2024-10-28,bing,Organic Search,206,179,797,7,283604,0.3482
2024-10-28,facebook,Social,287,216,1301,10,405148,0.3515
2024-10-28,twitter,Social,243,215,1181,7,283604,0.3517
2024-10-28,instagram,Social,371,297,1454,8,324119,0.5252
2024-10-28,line,Social,307,245,1471,8,324119,0.5017
2024-10-28,google_ads,Paid Search,630,494,2179,27,1093901,0.3499
2024-10-28,yahoo_ads,Paid Search,267,200,828,14,567208,0.3577
2024-10-28,direct,Direct,882,702,3379,48,1944714,0.5445
2024-10-28,email,Email,288,218,963,13,526693,0.3948
2024-10-28,affiliate,Affiliate,305,238,1484,9,364633,0.3121
2024-10-29,google,Organic Search,1599,1316,4923,60,2315818,0.4008
2024-10-29,yahoo,Organic Search,638,528,2323,25,964924,0.3234
2024-10-29,bing,Organic Search,175,155,691,4,154387,0.3793
2024-10-29,facebook,Social,333,253,1539,9,347372,0.5168
2024-10-29,twitter,Social,257,209,1163,5,192984,0.3341
2024-10-29,instagram,Social,322,226,1450,11,424566,0.4184
2024-10-29,line,Social,236,203,877,4,154387,0.4352
2024-10-29,google_ads,Paid Search,774,689,3144,40,1543878,0.3999
2024-10-29,yahoo_ads,Paid Search,356,270,1158,18,694745,0.5106
2024-10-29,direct,Direct,683,542,2320,32,1235102,0.4504
2024-10-29,email,Email,248,200,960,12,463163,0.4872
2024-10-29,affiliate,Affiliate,272,192,921,9,347372,0.4342
2024-10-30,google,Organic Search,2578,2239,9297,81,4821903,0.4074
2024-10-30,yahoo,Organic Search,723,510,3538,15,892945,0.3602
2024-10-30,bing,Organic Search,196,173,815,3,178589,0.4668
2024-10-30,facebook,Social,426,351,1311,8,476237,0.3467
2024-10-30,twitter,Social,331,254,1242,8,476237,0.4334
2024-10-30,instagram,Social,351,260,1228,6,357178,0.5015
2024-10-30,line,Social,267,213,1263,4,238118,0.3603
2024-10-30,google_ads,Paid Search,730,620,2994,22,1309652,0.5042
2024-10-30,yahoo_ads,Paid Search,433,355,1726,17,1012004,0.31
2024-10-30,direct,Direct,1048,765,4541,30,1785890,0.3711
2024-10-30,email,Email,378,298,1766,15,892945,0.3662
2024-10-30,affiliate,Affiliate,286,238,1306,6,357178,0.3987
2024-10-31,google,Organic Search,1156,1024,4353,24,1204386,0.4824
2024-10-31,yahoo,Organic Search,294,234,1398,6,301096,0.4318
2024-10-31,bing,Organic Search,128,102,414,3,150548,0.5007
2024-10-31,facebook,Social,163,143,796,4,200731,0.4301
2024-10-31,twitter,Social,155,112,651,3,150548,0.3086
2024-10-31,instagram,Social,218,160,813,3,150548,0.4081
2024-10-31,line,Social,152,121,511,2,100365,0.4435
2024-10-31,google_ads,Paid Search,460,389,1688,16,802924,0.4913
2024-10-31,yahoo_ads,Paid Search,177,146,537,6,301096,0.4635
2024-10-31,direct,Direct,457,327,1454,12,602193,0.5308
2024-10-31,email,Email,195,150,816,6,301096,0.5089
2024-10-31,affiliate,Affiliate,119,104,359,2,100365,0.3503
2024-11-01,google,Organic Search,3852,2897,12072,172,7547929,0.307
2024-11-01,yahoo,Organic Search,974,762,4325,50,2194165,0.5296
2024-11-01,bing,Organic Search,313,251,1507,10,438833,0.5011
2024-11-01,facebook,Social,448,364,2157,16,702132,0.3306
2024-11-01,twitter,Social,439,343,1740,18,789899,0.3176
2024-11-01,instagram,Social,593,527,2114,17,746016,0.4152
2024-11-01,line,Social,463,369,2072,12,526599,0.5167
2024-11-01,google_ads,Paid Search,1367,991,6686,81,3554548,0.3331
2024-11-01,yahoo_ads,Paid Search,602,533,2672,28,1228732,0.4885
2024-11-01,direct,Direct,1155,951,5243,56,2457465,0.326
2024-11-01,email,Email,642,484,2982,49,2150282,0.4296
2024-11-01,affiliate,Affiliate,427,348,1904,12,526599,0.4027
2024-11-02,google,Organic Search,3296,2775,10230,127,5722500,0.5149
2024-11-02,yahoo,Organic Search,1027,768,4073,30,1351771,0.5217
2024-11-02,bing,Organic Search,298,214,1177,11,495649,0.5479
2024-11-02,facebook,Social,578,462,2004,13,585767,0.4024
2024-11-02,twitter,Social,464,345,2247,14,630826,0.4481
2024-11-02,instagram,Social,596,489,2455,16,720944,0.4216
2024-11-02,line,Social,418,360,1706,9,405531,0.3328
2024-11-02,google_ads,Paid Search,1387,1233,5184,78,3514606,0.3339
2024-11-02,yahoo_ads,Paid Search,526,466,1771,18,811063,0.3632
2024-11-02,direct,Direct,1206,1035,4718,46,2072716,0.3427
2024-11-02,email,Email,473,345,1997,24,1081417,0.4414
2024-11-02,affiliate,Affiliate,453,399,2216,15,675885,0.3612
2024-11-03,google,Organic Search,3499,3075,17299,117,6584642,0.5148
2024-11-03,yahoo,Organic Search,1154,905,3483,55,3095344,0.4106
2024-11-03,bing,Organic Search,335,257,1322,13,731626,0.4533
2024-11-03,facebook,Social,785,617,3641,26,1463253,0.5264
2024-11-03,twitter,Social,464,351,1435,14,787905,0.4671
2024-11-03,instagram,Social,940,810,4424,22,1238137,0.5286
2024-11-03,line,Social,495,378,2031,18,1013021,0.3126
2024-11-03,google_ads,Paid Search,1342,1058,4713,75,4220924,0.3476
2024-11-03,yahoo_ads,Paid Search,730,628,2305,25,1406974,0.3479
2024-11-03,direct,Direct,1567,1208,5706,71,3995808,0.541
2024-11-03,email,Email,722,567,3429,29,1632090,0.3754
2024-11-03,affiliate,Affiliate,458,376,1896,16,900463,0.3134
2024-11-04,google,Organic Search,2079,1541,8332,99,5825896,0.4362
2024-11-04,yahoo,Organic Search,739,641,3284,41,2412744,0.3195
2024-11-04,bing,Organic Search,204,149,1011,9,529626,0.3396
2024-11-04,facebook,Social,402,332,1309,13,765016,0.4076
2024-11-04,twitter,Social,294,208,1419,12,706169,0.5082
2024-11-04,instagram,Social,446,314,2200,18,1059253,0.4316
2024-11-04,line,Social,298,212,1483,9,529626,0.3098
2024-11-04,google_ads,Paid Search,1031,917,3600,57,3354304,0.433
2024-11-04,yahoo_ads,Paid Search,401,286,1358,25,1471185,0.3536
2024-11-04,direct,Direct,1064,866,3650,46,2706982,0.5154
2024-11-04,email,Email,476,366,1650,32,1883118,0.3124
2024-11-04,affiliate,Affiliate,293,236,1432,11,647321,0.3991
2024-11-05,google,Organic Search,2643,2121,9344,142,7398751,0.4137
2024-11-05,yahoo,Organic Search,808,717,2956,49,2553090,0.3106
2024-11-05,bing,Organic Search,244,179,1103,13,677350,0.5462
2024-11-05,facebook,Social,481,420,2120,17,885766,0.4135
2024-11-05,twitter,Social,332,264,1243,17,885766,0.4233
2024-11-05,instagram,Social,506,445,2200,17,885766,0.4583
2024-11-05,line,Social,274,198,865,12,625246,0.4318
2024-11-05,google_ads,Paid Search,942,676,3637,69,3595168,0.3437
2024-11-05,yahoo_ads,Paid Search,488,408,1781,35,1823635,0.3237
2024-11-05,direct,Direct,1167,915,5017,66,3438856,0.3062
2024-11-05,email,Email,459,346,1433,38,1979947,0.3406
2024-11-05,affiliate,Affiliate,378,283,1183,18,937869,0.4727
2024-11-06,google,Organic Search,2847,2199,9775,116,6187651,0.4674
2024-11-06,yahoo,Organic Search,1096,898,4217,38,2026989,0.4117
2024-11-06,bing,Organic Search,249,198,1017,12,640101,0.3762
2024-11-06,facebook,Social,402,338,1363,10,533418,0.4725
2024-11-06,twitter,Social,352,279,1314,11,586760,0.3252
2024-11-06,instagram,Social,511,425,1825,19,1013494,0.415
2024-11-06,line,Social,323,227,1548,9,480076,0.3527
2024-11-06,google_ads,Paid Search,986,715,4218,48,2560407,0.3188
2024-11-06,yahoo_ads,Paid Search,393,301,1735,24,1280203,0.4394
2024-11-06,direct,Direct,999,722,4068,56,2987142,0.4093
2024-11-06,email,Email,418,365,2089,28,1493571,0.4519
2024-11-06,affiliate,Affiliate,354,266,1401,10,533418,0.3918
2024-11-07,google,Organic Search,3318,2570,12499,147,8338919,0.5092
2024-11-07,yahoo,Organic Search,1006,771,4663,51,2893094,0.3096
2024-11-07,bing,Organic Search,326,254,1302,15,850910,0.4669
2024-11-07,facebook,Social,382,301,1408,18,1021092,0.3346
2024-11-07,twitter,Social,370,288,1612,14,794182,0.4052
2024-11-07,instagram,Social,674,580,2169,27,1531638,0.3993
2024-11-07,line,Social,354,308,1117,14,794182,0.3181
2024-11-07,google_ads,Paid Search,1298,1082,5303,67,3800731,0.5082
2024-11-07,yahoo_ads,Paid Search,403,326,1971,19,1077819,0.4037
2024-11-07,direct,Direct,1059,938,4949,65,3687277,0.5489
2024-11-07,email,Email,383,314,1777,21,1191274,0.3713
2024-11-07,affiliate,Affiliate,340,241,1271,15,850910,0.4265
2024-11-08,google,Organic Search,2680,2066,11323,141,8137253,0.4463
2024-11-08,yahoo,Organic Search,888,667,2814,44,2539284,0.3298
2024-11-08,bing,Organic Search,232,201,1021,10,577110,0.4973
2024-11-08,facebook,Social,410,319,1387,14,807954,0.3153
2024-11-08,twitter,Social,361,264,1116,17,981087,0.4949
2024-11-08,instagram,Social,471,396,2303,21,1211931,0.4022
2024-11-08,line,Social,371,306,1446,13,750243,0.3472
2024-11-08,google_ads,Paid Search,1050,905,4694,64,3693505,0.4659
2024-11-08,yahoo_ads,Paid Search,368,294,1762,25,1442775,0.53
2024-11-08,direct,Direct,860,608,3211,57,3289528,0.4356
2024-11-08,email,Email,374,262,1248,29,1673619,0.4452
2024-11-08,affiliate,Affiliate,378,317,1641,17,981087,0.3986
2024-11-09,google,Organic Search,2500,2017,10875,71,3894229,0.4044
2024-11-09,yahoo,Organic Search,1137,812,3847,42,2303628,0.51
2024-11-09,bing,Organic Search,340,245,1693,15,822724,0.3524
2024-11-09,facebook,Social,418,316,1812,16,877572,0.3442
2024-11-09,twitter,Social,429,327,1862,15,822724,0.347
2024-11-09,instagram,Social,655,486,2375,17,932421,0.3447
2024-11-09,line,Social,483,361,1882,13,713027,0.3801
2024-11-09,google_ads,Paid Search,1371,1079,6473,84,4607257,0.4415
2024-11-09,yahoo_ads,Paid Search,449,360,1931,24,1316359,0.5224
2024-11-09,direct,Direct,1219,1036,4848,67,3674836,0.4508
2024-11-09,email,Email,484,403,1494,34,1864842,0.3817
2024-11-09,affiliate,Affiliate,436,307,1700,9,493634,0.3832
2024-11-10,google,Organic Search,3004,2201,13152,89,4199725,0.4286
2024-11-10,yahoo,Organic Search,903,738,2839,27,1274074,0.3369
2024-11-10,bing,Organic Search,255,216,1149,10,471879,0.4791
2024-11-10,facebook,Social,548,453,1686,15,707818,0.4554
2024-11-10,twitter,Social,456,351,1621,12,566255,0.4607
2024-11-10,instagram,Social,663,509,3009,22,1038134,0.4403
2024-11-10,line,Social,473,380,1965,13,613443,0.4873
2024-11-10,google_ads,Paid Search,1461,1038,7122,49,2312208,0.4325
2024-11-10,yahoo_ads,Paid Search,536,385,2431,23,1085322,0.4868
2024-11-10,direct,Direct,1139,988,3581,42,1981892,0.5203
2024-11-10,email,Email,463,410,2016,25,1179698,0.4036
2024-11-10,affiliate,Affiliate,441,333,2202,11,519067,0.4877
2024-11-11,google,Organic Search,3056,2169,9357,93,6212679,0.4385
2024-11-11,yahoo,Organic Search,1063,922,3260,36,2404908,0.3917
2024-11-11,bing,Organic Search,258,184,1266,8,534424,0.3558
2024-11-11,facebook,Social,562,504,2308,14,935242,0.5327
2024-11-11,twitter,Social,308,271,1010,9,601227,0.324
2024-11-11,instagram,Social,560,452,2270,18,1202454,0.3353
2024-11-11,line,Social,308,220,1314,9,601227,0.5287
2024-11-11,google_ads,Paid Search,1020,730,4291,48,3206544,0.341
2024-11-11,yahoo_ads,Paid Search,526,416,2208,20,1336060,0.3428
2024-11-11,direct,Direct,1267,1054,4202,44,2939332,0.472
2024-11-11,email,Email,409,306,1839,19,1269257,0.3655
2024-11-11,affiliate,Affiliate,444,328,1877,14,935242,0.3219
2024-11-12,google,Organic Search,2933,2439,12463,171,9593974,0.3706
2024-11-12,yahoo,Organic Search,972,820,3895,38,2131994,0.4772
2024-11-12,bing,Organic Search,275,210,839,12,673261,0.3853
2024-11-12,facebook,Social,573,460,2241,29,1627048,0.3077
2024-11-12,twitter,Social,470,417,1869,13,729366,0.3855
2024-11-12,instagram,Social,717,585,2938,21,1178207,0.3548
2024-11-12,line,Social,397,335,1191,17,953786,0.5342
2024-11-12,google_ads,Paid Search,1061,798,3263,60,3366306,0.3308
2024-11-12,yahoo_ads,Paid Search,610,441,1960,36,2019784,0.4799
2024-11-12,direct,Direct,1400,985,4824,74,4151778,0.3141
2024-11-12,email,Email,429,320,1729,31,1739258,0.3634
2024-11-12,affiliate,Affiliate,480,390,1780,24,1346522,0.3953
2024-11-13,google,Organic Search,3102,2451,14621,154,4052343,0.536
2024-11-13,yahoo,Organic Search,1001,719,3404,45,1184126,0.4034
2024-11-13,bing,Organic Search,283,207,1106,15,394708,0.4514
2024-11-13,facebook,Social,577,504,2386,18,473650,0.4099
2024-11-13,twitter,Social,354,305,1497,12,315767,0.508
2024-11-13,instagram,Social,641,450,2311,17,447336,0.4745
2024-11-13,line,Social,478,381,1836,14,368394,0.4026
2024-11-13,google_ads,Paid Search,1148,848,3571,51,1342009,0.3495
2024-11-13,yahoo_ads,Paid Search,430,328,2126,26,684161,0.3484
2024-11-13,direct,Direct,1206,846,5642,58,1526207,0.308
2024-11-13,email,Email,630,508,2574,51,1342009,0.4634
2024-11-13,affiliate,Affiliate,409,289,1271,15,394708,0.4143
2024-11-14,google,Organic Search,3561,2567,16541,208,9520245,0.3525
2024-11-14,yahoo,Organic Search,1114,868,3677,47,2151209,0.4259
2024-11-14,bing,Organic Search,391,312,1836,17,778096,0.4765
2024-11-14,facebook,Social,579,507,2405,18,823867,0.3553
2024-11-14,twitter,Social,422,299,2103,18,823867,0.3326
2024-11-14,instagram,Social,781,623,3718,27,1235801,0.4032
2024-11-14,line,Social,472,330,1647,13,595015,0.4701
2024-11-14,google_ads,Paid Search,1185,926,5090,56,2563143,0.478
2024-11-14,yahoo_ads,Paid Search,507,450,1785,23,1052719,0.5133
2024-11-14,direct,Direct,1599,1173,7425,106,4851663,0.4923
2024-11-14,email,Email,604,454,1959,38,1739275,0.4274
2024-11-14,affiliate,Affiliate,481,382,1792,16,732326,0.4603
2024-11-15,google,Organic Search,3796,2946,12457,144,14801899,0.4562
2024-11-15,yahoo,Organic Search,1190,899,5831,71,7298158,0.3158
2024-11-15,bing,Organic Search,340,298,1380,11,1130700,0.4673
2024-11-15,facebook,Social,617,436,2935,18,1850237,0.3787
2024-11-15,twitter,Social,371,304,1135,13,1336282,0.3687
2024-11-15,instagram,Social,532,467,2641,19,1953028,0.4593
2024-11-15,line,Social,377,302,1246,17,1747446,0.5304
2024-11-15,google_ads,Paid Search,1443,1214,4907,101,10381888,0.3528
2024-11-15,yahoo_ads,Paid Search,586,461,2674,30,3083729,0.496
2024-11-15,direct,Direct,1284,1114,5533,86,8840023,0.3571
2024-11-15,email,Email,495,358,1755,31,3186520,0.3524
2024-11-15,affiliate,Affiliate,428,308,1900,20,2055819,0.4718
2024-11-16,google,Organic Search,2843,2313,10597,153,4920643,0.4891
2024-11-16,yahoo,Organic Search,1021,722,4777,49,1575892,0.412
2024-11-16,bing,Organic Search,357,298,1622,12,385932,0.4183
2024-11-16,facebook,Social,592,520,2365,19,611060,0.5105
2024-11-16,twitter,Social,506,377,1928,16,514577,0.5066
2024-11-16,instagram,Social,604,520,2239,21,675382,0.4606
2024-11-16,line,Social,406,348,1298,10,321610,0.3678
2024-11-16,google_ads,Paid Search,1549,1385,7682,78,2508563,0.3671
2024-11-16,yahoo_ads,Paid Search,461,364,1475,29,932670,0.4769
2024-11-16,direct,Direct,1102,801,3586,69,2219113,0.3439
2024-11-16,email,Email,669,575,2539,48,1543731,0.3841
2024-11-16,affiliate,Affiliate,404,327,1722,13,418093,0.3643
2024-11-17,google,Organic Search,3685,3291,11164,146,8954801,0.4203
2024-11-17,yahoo,Organic Search,972,791,3762,46,2821375,0.4037
2024-11-17,bing,Organic Search,341,295,1193,18,1104016,0.4524
2024-11-17,facebook,Social,538,428,1951,19,1165350,0.3355
2024-11-17,twitter,Social,368,307,1590,11,674676,0.5377
2024-11-17,instagram,Social,682,598,3222,19,1165350,0.4108
2024-11-17,line,Social,430,346,2068,21,1288019,0.3208
2024-11-17,google_ads,Paid Search,1095,894,5072,68,4170729,0.5471
2024-11-17,yahoo_ads,Paid Search,497,427,2091,23,1410687,0.3496
2024-11-17,direct,Direct,1247,1065,4987,84,5152077,0.3763
2024-11-17,email,Email,619,483,2204,50,3066712,0.4828
2024-11-17,affiliate,Affiliate,373,300,1335,11,674676,0.4572
2024-11-18,google,Organic Search,3420,2587,10261,206,14966148,0.3317
2024-11-18,yahoo,Organic Search,1579,1179,7195,106,7701027,0.4521
2024-11-18,bing,Organic Search,479,400,1497,24,1743628,0.3991
2024-11-18,facebook,Social,797,603,2582,36,2615443,0.4759
2024-11-18,twitter,Social,569,506,1732,23,1670977,0.3759
2024-11-18,instagram,Social,943,707,3836,37,2688094,0.506
2024-11-18,line,Social,452,388,1519,25,1816280,0.478
2024-11-18,google_ads,Paid Search,1540,1319,7585,104,7555725,0.3317
2024-11-18,yahoo_ads,Paid Search,651,504,2425,46,3341955,0.3131
2024-11-18,direct,Direct,1735,1282,8036,110,7991632,0.5006
2024-11-18,email,Email,669,553,2392,48,3487257,0.359
2024-11-18,affiliate,Affiliate,588,422,1771,18,1307721,0.3382
2024-11-19,google,Organic Search,1832,1388,6042,122,5280032,0.3602
2024-11-19,yahoo,Organic Search,866,669,4110,45,1947552,0.3987
2024-11-19,bing,Organic Search,206,159,748,8,346231,0.4693
2024-11-19,facebook,Social,337,240,1139,14,605905,0.4019
2024-11-19,twitter,Social,346,288,1214,13,562626,0.3318
2024-11-19,instagram,Social,364,266,1218,13,562626,0.4902
2024-11-19,line,Social,238,184,955,10,432789,0.4407
2024-11-19,google_ads,Paid Search,819,693,3884,47,2034110,0.3481
2024-11-19,yahoo_ads,Paid Search,309,237,1267,25,1081973,0.3899
2024-11-19,direct,Direct,753,606,2564,48,2077389,0.413
2024-11-19,email,Email,412,296,1687,33,1428205,0.4757
2024-11-19,affiliate,Affiliate,329,240,1454,14,605905,0.4693
2024-11-20,google,Organic Search,2526,1936,10959,85,1769410,0.354
2024-11-20,yahoo,Organic Search,1078,926,5220,48,999196,0.5446
2024-11-20,bing,Organic Search,250,195,1179,9,187349,0.363
2024-11-20,facebook,Social,620,532,1966,18,374698,0.3459
2024-11-20,twitter,Social,459,396,1389,9,187349,0.4643
2024-11-20,instagram,Social,590,495,2174,18,374698,0.327
2024-11-20,line,Social,344,276,1542,10,208165,0.4274
2024-11-20,google_ads,Paid Search,1209,852,4438,52,1082462,0.544
2024-11-20,yahoo_ads,Paid Search,597,488,2802,24,499598,0.4103
2024-11-20,direct,Direct,1007,807,4973,32,666130,0.4733
2024-11-20,email,Email,430,367,2013,18,374698,0.4544
2024-11-20,affiliate,Affiliate,440,380,2013,9,187349,0.3648
2024-11-21,google,Organic Search,2250,1593,7655,52,1962297,0.3447
2024-11-21,yahoo,Organic Search,647,518,2557,17,641520,0.3677
2024-11-21,bing,Organic Search,168,130,604,5,188682,0.5167
2024-11-21,facebook,Social,380,303,1239,10,377364,0.4741
2024-11-21,twitter,Social,244,173,1134,5,188682,0.3315
2024-11-21,instagram,Social,482,382,2163,13,490574,0.4549
2024-11-21,line,Social,310,265,1216,6,226418,0.5352
2024-11-21,google_ads,Paid Search,826,707,3835,29,1094358,0.4386
2024-11-21,yahoo_ads,Paid Search,301,268,1356,10,377364,0.5028
2024-11-21,direct,Direct,675,559,3145,22,830202,0.3123
2024-11-21,email,Email,394,291,1431,17,641520,0.3705
2024-11-21,affiliate,Affiliate,280,204,1295,4,150945,0.3332
2024-11-22,google,Organic Search,2218,1781,10041,88,6431047,0.4118
2024-11-22,yahoo,Organic Search,923,666,3057,40,2923203,0.4093
2024-11-22,bing,Organic Search,238,194,898,11,803880,0.3427
2024-11-22,facebook,Social,368,288,1482,12,876961,0.3427
2024-11-22,twitter,Social,352,264,1402,14,1023121,0.5439
2024-11-22,instagram,Social,463,332,1950,16,1169281,0.3224
2024-11-22,line,Social,391,335,1723,14,1023121,0.4474
2024-11-22,google_ads,Paid Search,973,867,3890,63,4604045,0.5329
2024-11-22,yahoo_ads,Paid Search,427,337,1459,23,1680841,0.3009
2024-11-22,direct,Direct,890,690,3468,44,3215523,0.5452
2024-11-22,email,Email,389,282,1204,23,1680841,0.4939
2024-11-22,affiliate,Affiliate,340,248,1408,12,876961,0.3634
2024-11-23,google,Organic Search,2968,2154,10739,88,4132577,0.3292
2024-11-23,yahoo,Organic Search,1325,962,4502,49,2301094,0.4469
2024-11-23,bing,Organic Search,274,244,957,14,657455,0.4125
2024-11-23,facebook,Social,448,350,1585,16,751377,0.3517
2024-11-23,twitter,Social,471,346,2062,15,704416,0.4413
2024-11-23,instagram,Social,761,652,3308,19,892261,0.3288
2024-11-23,line,Social,478,424,1569,15,704416,0.4607
2024-11-23,google_ads,Paid Search,1269,972,6249,88,4132577,0.5254
2024-11-23,yahoo_ads,Paid Search,504,453,1766,32,1502755,0.4092
2024-11-23,direct,Direct,1342,943,4616,59,2770705,0.3705
2024-11-23,email,Email,542,474,2390,27,1267949,0.3213
2024-11-23,affiliate,Affiliate,470,418,1412,17,798338,0.362
2024-11-24,google,Organic Search,4255,3591,19281,236,10835573,0.3229
2024-11-24,yahoo,Organic Search,1218,896,5627,45,2066105,0.3338
2024-11-24,bing,Organic Search,358,263,1774,19,872355,0.5486
2024-11-24,facebook,Social,619,472,2382,17,780528,0.3773
2024-11-24,twitter,Social,442,322,1974,20,918268,0.3001
2024-11-24,instagram,Social,754,571,2541,33,1515143,0.4629
2024-11-24,line,Social,525,401,1839,20,918268,0.539
2024-11-24,google_ads,Paid Search,1699,1476,6633,94,4315864,0.4061
2024-11-24,yahoo_ads,Paid Search,522,421,1589,28,1285576,0.411
2024-11-24,direct,Direct,1617,1337,7792,94,4315864,0.3045
2024-11-24,email,Email,619,500,2257,47,2157932,0.3341
2024-11-24,affiliate,Affiliate,559,489,2331,19,872355,0.4685
2024-11-25,google,Organic Search,3420,2666,13773,125,6728094,0.5008
2024-11-25,yahoo,Organic Search,965,693,4660,30,1614742,0.3228
2024-11-25,bing,Organic Search,323,252,1407,10,538247,0.3168
2024-11-25,facebook,Social,527,456,1760,16,861196,0.5244
2024-11-25,twitter,Social,431,343,1760,14,753546,0.5298
2024-11-25,instagram,Social,707,533,2676,18,968845,0.3969
2024-11-25,line,Social,371,323,1164,8,430598,0.4694
2024-11-25,google_ads,Paid Search,1060,755,3752,41,2206814,0.4921
2024-11-25,yahoo_ads,Paid Search,586,464,2309,21,1130319,0.5184
2024-11-25,direct,Direct,1348,1124,6328,54,2906536,0.3024
2024-11-25,email,Email,488,413,1993,30,1614742,0.4324
2024-11-25,affiliate,Affiliate,381,316,1461,10,538247,0.4785
2024-11-26,google,Organic Search,2871,2268,10955,65,3127408,0.4719
2024-11-26,yahoo,Organic Search,752,658,2884,23,1106621,0.5278
2024-11-26,bing,Organic Search,300,223,1470,6,288683,0.5396
2024-11-26,facebook,Social,350,256,1747,5,240569,0.345
2024-11-26,twitter,Social,334,235,1405,9,433025,0.3693
2024-11-26,instagram,Social,574,480,2496,11,529253,0.3554
2024-11-26,line,Social,272,206,1256,5,240569,0.5001
2024-11-26,google_ads,Paid Search,986,809,4589,38,1828330,0.4063
2024-11-26,yahoo_ads,Paid Search,380,306,1481,12,577367,0.41
2024-11-26,direct,Direct,839,623,2847,32,1539647,0.4032
2024-11-26,email,Email,372,288,1449,16,769823,0.4343
2024-11-26,affiliate,Affiliate,294,257,1137,5,240569,0.403
2024-11-27,google,Organic Search,2778,2252,11438,99,4911339,0.4768
2024-11-27,yahoo,Organic Search,990,853,4845,30,1488284,0.334
2024-11-27,bing,Organic Search,340,242,1241,10,496094,0.3359
2024-11-27,facebook,Social,616,448,1859,18,892970,0.502
2024-11-27,twitter,Social,396,303,1651,12,595313,0.3789
2024-11-27,instagram,Social,569,419,2194,13,644923,0.4646
2024-11-27,line,Social,411,330,1730,8,396875,0.5407
2024-11-27,google_ads,Paid Search,1413,1151,6861,64,3175007,0.5071
2024-11-27,yahoo_ads,Paid Search,528,397,2116,20,992189,0.486
2024-11-27,direct,Direct,1366,1153,6299,43,2133208,0.3724
2024-11-27,email,Email,606,531,2842,31,1537894,0.4314
2024-11-27,affiliate,Affiliate,489,390,1773,17,843361,0.4884
2024-11-28,google,Organic Search,1907,1665,8483,96,2562378,0.401
2024-11-28,yahoo,Organic Search,634,479,2125,31,827434,0.4858
2024-11-28,bing,Organic Search,193,149,958,10,266914,0.3978
2024-11-28,facebook,Social,297,242,1247,9,240223,0.4047
2024-11-28,twitter,Social,278,223,1114,8,213531,0.3374
2024-11-28,instagram,Social,361,259,1523,12,320297,0.3491
2024-11-28,line,Social,257,229,1210,8,213531,0.3576
2024-11-28,google_ads,Paid Search,799,637,2428,46,1227806,0.4678
2024-11-28,yahoo_ads,Paid Search,361,264,1663,31,827434,0.498
2024-11-28,direct,Direct,731,536,2565,44,1174423,0.3658
2024-11-28,email,Email,366,325,1190,28,747360,0.5434
2024-11-28,affiliate,Affiliate,255,195,837,12,320297,0.5145
2024-11-29,google,Organic Search,3038,2470,11980,129,5845642,0.424
2024-11-29,yahoo,Organic Search,1198,998,5740,35,1586026,0.3144
2024-11-29,bing,Organic Search,281,221,1069,12,543780,0.3342
2024-11-29,facebook,Social,549,436,2485,13,589095,0.3646
2024-11-29,twitter,Social,435,364,2036,17,770355,0.4037
2024-11-29,instagram,Social,728,527,2479,16,725040,0.4005
2024-11-29,line,Social,499,414,2204,14,634410,0.4465
2024-11-29,google_ads,Paid Search,1240,952,3928,65,2945478,0.5482
2024-11-29,yahoo_ads,Paid Search,466,408,1679,17,770355,0.4626
2024-11-29,direct,Direct,1225,921,4515,53,2401697,0.4027
2024-11-29,email,Email,596,529,1837,34,1540711,0.4258
2024-11-29,affiliate,Affiliate,453,321,1878,17,770355,0.5134
2024-11-30,google,Organic Search,4266,3002,19047,194,11829810,0.5333
2024-11-30,yahoo,Organic Search,1685,1194,8155,60,3658704,0.4176
2024-11-30,bing,Organic Search,386,307,1253,15,914676,0.3536
2024-11-30,facebook,Social,654,539,2623,20,1219568,0.5043
2024-11-30,twitter,Social,725,509,3183,23,1402503,0.4045
2024-11-30,instagram,Social,976,751,4718,31,1890330,0.3335
2024-11-30,line,Social,677,599,2183,14,853697,0.3237
2024-11-30,google_ads,Paid Search,1775,1318,7402,79,4817294,0.4107
2024-11-30,yahoo_ads,Paid Search,645,556,2824,27,1646416,0.4812
2024-11-30,direct,Direct,2053,1478,7277,81,4939250,0.5079
2024-11-30,email,Email,945,663,3099,52,3170877,0.3805
2024-11-30,affiliate,Affiliate,654,581,2439,14,853697,0.5281
2024-12-01,google,Organic Search,3688,3029,15687,171,5393542,0.4595
2024-12-01,yahoo,Organic Search,1162,1042,5187,48,1513976,0.4942
2024-12-01,bing,Organic Search,381,273,1510,12,378494,0.4285
2024-12-01,facebook,Social,625,508,2533,19,599282,0.3096
2024-12-01,twitter,Social,462,337,1935,17,536200,0.4484
2024-12-01,instagram,Social,574,514,2173,14,441576,0.3569
2024-12-01,line,Social,384,315,1646,13,410035,0.322
2024-12-01,google_ads,Paid Search,1535,1170,6024,75,2365588,0.3975
2024-12-01,yahoo_ads,Paid Search,633,481,2992,41,1293188,0.4954
2024-12-01,direct,Direct,1555,1267,5518,63,1987094,0.506
2024-12-01,email,Email,443,340,1614,27,851611,0.4612
2024-12-01,affiliate,Affiliate,504,438,1778,17,536200,0.4299
2024-12-02,google,Organic Search,2780,2255,12018,93,6079243,0.448
2024-12-02,yahoo,Organic Search,1035,738,3346,51,3333778,0.4491
2024-12-02,bing,Organic Search,258,202,1060,9,588313,0.3822
2024-12-02,facebook,Social,514,394,2318,21,1372732,0.4622
2024-12-02,twitter,Social,399,280,1752,15,980523,0.394
2024-12-02,instagram,Social,667,545,2337,30,1961046,0.3509
2024-12-02,line,Social,354,268,1426,13,849786,0.3413
2024-12-02,google_ads,Paid Search,1351,1197,6521,63,4118197,0.4313
2024-12-02,yahoo_ads,Paid Search,515,425,1895,30,1961046,0.3753
2024-12-02,direct,Direct,1170,954,4180,66,4314301,0.3917
2024-12-02,email,Email,394,295,1240,20,1307364,0.3259
2024-12-02,affiliate,Affiliate,425,353,1506,11,719050,0.5179
2024-12-03,google,Organic Search,2315,1860,8713,113,2699348,0.4411
2024-12-03,yahoo,Organic Search,656,515,2424,47,1122737,0.4776
2024-12-03,bing,Organic Search,220,173,976,14,334432,0.3269
2024-12-03,facebook,Social,441,327,1451,22,525536,0.3791
2024-12-03,twitter,Social,369,291,1129,13,310544,0.3993
2024-12-03,instagram,Social,479,384,2221,27,644977,0.4368
2024-12-03,line,Social,253,206,1240,9,214992,0.5148
2024-12-03,google_ads,Paid Search,830,614,4021,49,1170514,0.5132
2024-12-03,yahoo_ads,Paid Search,430,344,1689,29,692753,0.3633
2024-12-03,direct,Direct,933,677,4453,44,1051073,0.4879
2024-12-03,email,Email,376,291,1685,31,740529,0.496
2024-12-03,affiliate,Affiliate,343,254,1260,17,406096,0.4175
2024-12-04,google,Organic Search,1942,1487,6362,93,6375194,0.3998
2024-12-04,yahoo,Organic Search,827,680,3197,28,1919413,0.3178
2024-12-04,bing,Organic Search,207,166,982,9,616954,0.3722
2024-12-04,facebook,Social,289,224,1200,12,822605,0.498
2024-12-04,twitter,Social,258,187,924,9,616954,0.3362
2024-12-04,instagram,Social,468,394,2286,13,891156,0.4319
2024-12-04,line,Social,282,215,1114,9,616954,0.4507
2024-12-04,google_ads,Paid Search,995,868,4754,68,4661432,0.417
2024-12-04,yahoo_ads,Paid Search,369,287,1816,24,1645211,0.4039
2024-12-04,direct,Direct,866,770,3021,48,3290423,0.4865
2024-12-04,email,Email,350,299,1436,18,1233908,0.4652
2024-12-04,affiliate,Affiliate,258,212,982,8,548403,0.3496
2024-12-05,google,Organic Search,3724,3153,14233,205,6681264,0.3888
2024-12-05,yahoo,Organic Search,1009,816,4123,52,1694759,0.4243
2024-12-05,bing,Organic Search,268,196,871,14,456281,0.5332
2024-12-05,facebook,Social,545,425,2625,26,847379,0.4595
2024-12-05,twitter,Social,464,413,2153,18,586647,0.5135
2024-12-05,instagram,Social,546,413,1933,20,651830,0.5139
2024-12-05,line,Social,340,256,1155,11,358506,0.358
2024-12-05,google_ads,Paid Search,1407,986,5429,104,3389519,0.402
2024-12-05,yahoo_ads,Paid Search,443,372,1967,34,1108112,0.4821
2024-12-05,direct,Direct,1006,868,4836,84,2737688,0.3039
2024-12-05,email,Email,614,532,1956,59,1922900,0.4847
2024-12-05,affiliate,Affiliate,496,403,2426,24,782196,0.4107
2024-12-06,google,Organic Search,3306,2930,10421,141,8425111,0.4253
2024-12-06,yahoo,Organic Search,1139,930,5487,58,3465648,0.5355
2024-12-06,bing,Organic Search,262,184,958,10,597525,0.4342
2024-12-06,facebook,Social,617,447,1965,25,1493814,0.4473
2024-12-06,twitter,Social,429,377,2082,12,717030,0.4007
2024-12-06,instagram,Social,735,622,2904,23,1374308,0.3306
2024-12-06,line,Social,496,420,1852,16,956041,0.3047
2024-12-06,google_ads,Paid Search,1068,894,3918,60,3585153,0.4739
2024-12-06,yahoo_ads,Paid Search,572,456,2762,36,2151092,0.4223
2024-12-06,direct,Direct,1246,948,3843,53,3166885,0.4584
2024-12-06,email,Email,476,406,1739,27,1613319,0.3605
2024-12-06,affiliate,Affiliate,367,266,1434,14,836535,0.4267
2024-12-07,google,Organic Search,5426,4677,16763,171,5726753,0.3741
2024-12-07,yahoo,Organic Search,1534,1162,5552,35,1172142,0.4305
2024-12-07,bing,Organic Search,537,453,1972,14,468856,0.3726
2024-12-07,facebook,Social,855,612,3279,14,468856,0.5357
2024-12-07,twitter,Social,732,636,3268,12,401877,0.4527
2024-12-07,instagram,Social,1138,847,4579,25,837244,0.4372
2024-12-07,line,Social,683,607,3281,16,535836,0.5189
2024-12-07,google_ads,Paid Search,2262,1627,7985,108,3616896,0.4238
2024-12-07,yahoo_ads,Paid Search,957,813,3136,36,1205632,0.3631
2024-12-07,direct,Direct,2206,1699,7786,61,2042876,0.3875
2024-12-07,email,Email,911,738,2915,36,1205632,0.5013
2024-12-07,affiliate,Affiliate,638,539,2181,16,535836,0.5212
2024-12-08,google,Organic Search,2754,2028,13452,99,5619249,0.4888
2024-12-08,yahoo,Organic Search,774,667,3398,26,1475762,0.4914
2024-12-08,bing,Organic Search,257,199,879,10,567600,0.4582
2024-12-08,facebook,Social,522,413,2269,14,794641,0.4354
2024-12-08,twitter,Social,399,283,1993,13,737881,0.4881
2024-12-08,instagram,Social,603,525,1944,19,1078441,0.3869
2024-12-08,line,Social,403,288,1844,10,567600,0.5089
2024-12-08,google_ads,Paid Search,910,761,3676,54,3065045,0.5076
2024-12-08,yahoo_ads,Paid Search,424,320,1700,17,964921,0.4328
2024-12-08,direct,Direct,1181,964,5387,62,3519125,0.3479
2024-12-08,email,Email,359,256,1254,24,1362242,0.4738
2024-12-08,affiliate,Affiliate,338,256,1022,12,681121,0.3752
2024-12-09,google,Organic Search,2952,2382,14031,128,9362247,0.5281
2024-12-09,yahoo,Organic Search,864,699,4232,39,2852559,0.5497
2024-12-09,bing,Organic Search,255,197,769,13,950853,0.3023
2024-12-09,facebook,Social,469,330,2051,17,1243423,0.3735
2024-12-09,twitter,Social,390,286,1487,12,877710,0.3581
2024-12-09,instagram,Social,580,464,1922,17,1243423,0.4677
2024-12-09,line,Social,420,333,1319,12,877710,0.4495
2024-12-09,google_ads,Paid Search,1037,833,5028,64,4681123,0.4373
2024-12-09,yahoo_ads,Paid Search,492,437,2240,28,2047991,0.3714
2024-12-09,direct,Direct,1302,1127,6048,70,5119979,0.3472
2024-12-09,email,Email,515,391,1850,31,2267419,0.4814
2024-12-09,affiliate,Affiliate,340,286,1136,8,585140,0.3261
2024-12-10,google,Organic Search,2786,2215,8606,135,9065233,0.5426
2024-12-10,yahoo,Organic Search,1127,860,4392,52,3491793,0.4566
2024-12-10,bing,Organic Search,267,232,937,11,738648,0.395
2024-12-10,facebook,Social,595,457,2598,27,1813046,0.3049
2024-12-10,twitter,Social,454,391,2228,18,1208697,0.5314
2024-12-10,instagram,Social,724,558,2845,30,2014496,0.4725
2024-12-10,line,Social,478,422,2213,16,1074398,0.5447
2024-12-10,google_ads,Paid Search,1434,1034,4623,84,5640589,0.3728
2024-12-10,yahoo_ads,Paid Search,542,476,2302,43,2887444,0.3014
2024-12-10,direct,Direct,1089,841,4358,51,3424643,0.3108
2024-12-10,email,Email,487,403,1913,30,2014496,0.4238
2024-12-10,affiliate,Affiliate,403,299,1625,21,1410147,0.484
2024-12-11,google,Organic Search,2324,1802,9127,150,9796212,0.3221
2024-12-11,yahoo,Organic Search,790,578,3230,35,2285782,0.4331
2024-12-11,bing,Organic Search,188,155,635,10,653080,0.4174
2024-12-11,facebook,Social,412,320,1501,17,1110237,0.4526
2024-12-11,twitter,Social,356,254,1396,16,1044929,0.5227
2024-12-11,instagram,Social,380,338,1199,20,1306161,0.5334
2024-12-11,line,Social,286,224,1110,14,914313,0.4586
2024-12-11,google_ads,Paid Search,1008,825,3400,48,3134788,0.3865
2024-12-11,yahoo_ads,Paid Search,355,272,1141,23,1502085,0.3364
2024-12-11,direct,Direct,739,658,2387,44,2873555,0.5366
2024-12-11,email,Email,414,343,1926,34,2220474,0.3267
2024-12-11,affiliate,Affiliate,303,247,1413,13,849005,0.3181
2024-12-12,google,Organic Search,3530,2738,12992,156,7727494,0.4552
2024-12-12,yahoo,Organic Search,1264,1093,4808,54,2674902,0.3256
2024-12-12,bing,Organic Search,270,209,992,8,396281,0.4795
2024-12-12,facebook,Social,599,445,2125,15,743028,0.4369
2024-12-12,twitter,Social,375,333,1728,10,495352,0.3452
2024-12-12,instagram,Social,631,541,2536,20,990704,0.332
2024-12-12,line,Social,479,360,1796,15,743028,0.4244
2024-12-12,google_ads,Paid Search,1229,958,3734,58,2873042,0.4931
2024-12-12,yahoo_ads,Paid Search,474,393,2155,19,941169,0.5035
2024-12-12,direct,Direct,1308,1108,5754,56,2773972,0.3616
2024-12-12,email,Email,634,568,2992,31,1535591,0.472
2024-12-12,affiliate,Affiliate,514,379,1996,20,990704,0.3179
2024-12-13,google,Organic Search,2473,1922,9052,97,4157837,0.4488
2024-12-13,yahoo,Organic Search,990,769,3283,24,1028743,0.4738
2024-12-13,bing,Organic Search,217,164,737,8,342914,0.5341
2024-12-13,facebook,Social,348,245,1380,9,385778,0.4253
2024-12-13,twitter,Social,320,248,1390,6,257185,0.4956
2024-12-13,instagram,Social,523,387,1869,15,642964,0.3405
2024-12-13,line,Social,310,249,1278,7,300050,0.5362
2024-12-13,google_ads,Paid Search,908,784,3741,43,1843165,0.3638
2024-12-13,yahoo_ads,Paid Search,390,296,1750,12,514371,0.3119
2024-12-13,direct,Direct,918,786,3589,42,1800300,0.4745
2024-12-13,email,Email,411,320,1709,16,685828,0.537
2024-12-13,affiliate,Affiliate,285,218,1144,7,300050,0.306
2024-12-14,google,Organic Search,3755,3044,14648,231,17489237,0.3714
2024-12-14,yahoo,Organic Search,1243,1077,6133,59,4466947,0.4097
2024-12-14,bing,Organic Search,388,304,1592,24,1817063,0.3577
2024-12-14,facebook,Social,742,639,3384,31,2347040,0.3538
2024-12-14,twitter,Social,587,451,1963,28,2119907,0.3007
2024-12-14,instagram,Social,795,644,2683,30,2271329,0.5149
2024-12-14,line,Social,488,388,1950,16,1211375,0.3538
2024-12-14,google_ads,Paid Search,1475,1244,6696,79,5981167,0.4156
2024-12-14,yahoo_ads,Paid Search,734,534,3620,56,4239815,0.5053
2024-12-14,direct,Direct,1431,1037,4689,72,5451190,0.487
2024-12-14,email,Email,668,567,2811,60,4542658,0.4716
2024-12-14,affiliate,Affiliate,436,360,1316,16,1211375,0.3082
2024-12-15,google,Organic Search,4848,3650,21214,170,11140010,0.4981
2024-12-15,yahoo,Organic Search,1307,1158,4823,29,1900354,0.3266
2024-12-15,bing,Organic Search,423,314,1496,15,982942,0.3607
2024-12-15,facebook,Social,847,690,4108,17,1114001,0.3367
2024-12-15,twitter,Social,673,590,2307,21,1376118,0.4585
2024-12-15,instagram,Social,938,690,4251,30,1965884,0.3847
2024-12-15,line,Social,493,423,1937,11,720824,0.4344
2024-12-15,google_ads,Paid Search,2036,1675,7595,78,5111298,0.3982
2024-12-15,yahoo_ads,Paid Search,763,616,3461,39,2555649,0.3223
2024-12-15,direct,Direct,1503,1058,5269,57,3735179,0.4294
2024-12-15,email,Email,570,457,2363,23,1507177,0.5314
2024-12-15,affiliate,Affiliate,599,530,2737,14,917412,0.35
2024-12-16,google,Organic Search,2665,2163,12203,146,6269799,0.4847
2024-12-16,yahoo,Organic Search,1094,882,3529,70,3006068,0.5071
2024-12-16,bing,Organic Search,281,250,1234,16,687101,0.449
2024-12-16,facebook,Social,512,394,2187,18,772988,0.4878
2024-12-16,twitter,Social,446,356,2044,14,601213,0.4189
2024-12-16,instagram,Social,634,527,2421,29,1245371,0.5239
2024-12-16,line,Social,360,260,1090,18,772988,0.5225
2024-12-16,google_ads,Paid Search,1123,968,5298,82,3521394,0.5479
2024-12-16,yahoo_ads,Paid Search,478,345,1822,34,1460090,0.512
2024-12-16,direct,Direct,1184,948,5081,74,3177843,0.5432
2024-12-16,email,Email,428,373,1696,33,1417146,0.3196
2024-12-16,affiliate,Affiliate,427,312,2006,15,644157,0.4304
2024-12-17,google,Organic Search,2397,2010,7215,118,5211680,0.407
2024-12-17,yahoo,Organic Search,598,439,2136,31,1369170,0.4292
2024-12-17,bing,Organic Search,184,150,584,6,265000,0.3145
2024-12-17,facebook,Social,323,261,1242,12,530001,0.4414
2024-12-17,twitter,Social,257,182,1117,10,441667,0.5228
2024-12-17,instagram,Social,458,347,2030,12,530001,0.3211
2024-12-17,line,Social,306,258,979,11,485834,0.4794
2024-12-17,google_ads,Paid Search,876,620,2668,56,2473339,0.3933
2024-12-17,yahoo_ads,Paid Search,292,257,1104,16,706668,0.5112
2024-12-17,direct,Direct,653,461,2387,26,1148336,0.527
2024-12-17,email,Email,285,225,1389,18,795002,0.3306
2024-12-17,affiliate,Affiliate,241,189,856,5,220833,0.5175
2024-12-18,google,Organic Search,2349,1894,7478,103,5388454,0.4113
2024-12-18,yahoo,Organic Search,901,791,4186,44,2301864,0.3258
2024-12-18,bing,Organic Search,200,152,643,5,261575,0.4182
2024-12-18,facebook,Social,402,341,1960,16,837041,0.3135
2024-12-18,twitter,Social,242,183,848,8,418520,0.3827
2024-12-18,instagram,Social,409,322,1646,13,680096,0.4682
2024-12-18,line,Social,287,210,1061,8,418520,0.4855
2024-12-18,google_ads,Paid Search,994,742,4151,58,3034275,0.4427
2024-12-18,yahoo_ads,Paid Search,373,297,1540,20,1046301,0.4789
2024-12-18,direct,Direct,761,553,2384,43,2249549,0.544
2024-12-18,email,Email,444,350,1497,20,1046301,0.4213
2024-12-18,affiliate,Affiliate,340,281,1260,14,732411,0.4508
2024-12-19,google,Organic Search,2227,1946,9167,86,2847193,0.3812
2024-12-19,yahoo,Organic Search,736,635,2870,16,529710,0.3813
2024-12-19,bing,Organic Search,238,172,1122,8,264855,0.5244
2024-12-19,facebook,Social,473,351,1772,11,364175,0.3832
2024-12-19,twitter,Social,279,221,1320,7,231748,0.308
2024-12-19,instagram,Social,509,433,2429,14,463496,0.4823
2024-12-19,line,Social,376,301,1138,8,264855,0.3017
2024-12-19,google_ads,Paid Search,863,649,2894,26,860779,0.3071
2024-12-19,yahoo_ads,Paid Search,467,395,1543,13,430389,0.5281
2024-12-19,direct,Direct,1114,929,3353,45,1489810,0.5462
2024-12-19,email,Email,462,384,1704,26,860779,0.5234
2024-12-19,affiliate,Affiliate,294,211,1424,7,231748,0.3352
2024-12-20,google,Organic Search,2646,2256,11215,82,3741824,0.358
2024-12-20,yahoo,Organic Search,793,711,3663,27,1232064,0.4151
2024-12-20,bing,Organic Search,345,277,1364,9,410688,0.4119
2024-12-20,facebook,Social,550,419,1933,13,593216,0.3094
2024-12-20,twitter,Social,409,298,1761,8,365056,0.4703
2024-12-20,instagram,Social,654,574,3186,15,684480,0.5018
2024-12-20,line,Social,418,374,1483,8,365056,0.3507
2024-12-20,google_ads,Paid Search,1162,1040,4853,33,1505856,0.4392
2024-12-20,yahoo_ads,Paid Search,526,371,2222,20,912640,0.479
2024-12-20,direct,Direct,1149,856,3955,48,2190336,0.3404
2024-12-20,email,Email,470,406,1769,25,1140800,0.4473
2024-12-20,affiliate,Affiliate,431,316,2130,8,365056,0.4544
2024-12-21,google,Organic Search,4488,3772,15462,155,8736205,0.3653
2024-12-21,yahoo,Organic Search,1260,924,4442,43,2423592,0.3089
2024-12-21,bing,Organic Search,407,292,1360,15,845439,0.3256
2024-12-21,facebook,Social,655,557,1991,15,845439,0.3623
2024-12-21,twitter,Social,580,414,2692,20,1127252,0.4233
2024-12-21,instagram,Social,857,716,4273,27,1521790,0.3581
2024-12-21,line,Social,526,372,1593,15,845439,0.3298
2024-12-21,google_ads,Paid Search,1595,1293,4886,82,4621734,0.4173
2024-12-21,yahoo_ads,Paid Search,733,604,3342,34,1916328,0.496
2024-12-21,direct,Direct,1517,1180,7247,84,4734459,0.3601
2024-12-21,email,Email,572,491,2193,24,1352702,0.3573
2024-12-21,affiliate,Affiliate,448,388,1839,17,958164,0.454
2024-12-22,google,Organic Search,4508,3980,14656,180,5432573,0.4046
2024-12-22,yahoo,Organic Search,1423,1126,5745,60,1810857,0.335
2024-12-22,bing,Organic Search,457,336,1430,16,482895,0.4907
2024-12-22,facebook,Social,737,623,3212,27,814885,0.4176
2024-12-22,twitter,Social,580,480,2313,18,543257,0.5123
2024-12-22,instagram,Social,1047,761,4461,28,845066,0.3753
2024-12-22,line,Social,490,365,2380,20,603619,0.4794
2024-12-22,google_ads,Paid Search,2013,1503,8137,92,2776648,0.343
2024-12-22,yahoo_ads,Paid Search,700,512,2387,34,1026152,0.4971
2024-12-22,direct,Direct,1579,1304,7819,58,1750495,0.3828
2024-12-22,email,Email,643,566,2937,43,1297781,0.4556
2024-12-22,affiliate,Affiliate,562,403,2449,19,573438,0.4813
2024-12-23,google,Organic Search,2639,1857,10796,76,1798630,0.4767
2024-12-23,yahoo,Organic Search,828,622,3332,22,520656,0.3827
2024-12-23,bing,Organic Search,254,218,1056,8,189329,0.4933
2024-12-23,facebook,Social,346,261,1415,11,260328,0.3535
2024-12-23,twitter,Social,293,220,1445,7,165663,0.34
2024-12-23,instagram,Social,496,349,2181,17,402325,0.3632
2024-12-23,line,Social,242,214,731,6,141997,0.447
2024-12-23,google_ads,Paid Search,890,637,3883,47,1112310,0.47
2024-12-23,yahoo_ads,Paid Search,396,342,1221,22,520656,0.4178
2024-12-23,direct,Direct,853,674,3214,30,709985,0.4081
2024-12-23,email,Email,442,390,1750,16,378659,0.4559
2024-12-23,affiliate,Affiliate,335,263,1279,8,189329,0.3937
2024-12-24,google,Organic Search,3875,2796,12462,199,10906098,0.407
2024-12-24,yahoo,Organic Search,926,674,3745,42,2301789,0.3018
2024-12-24,bing,Organic Search,306,243,1516,14,767263,0.5185
2024-12-24,facebook,Social,520,451,2507,13,712458,0.5052
2024-12-24,twitter,Social,375,281,1668,16,876872,0.527
2024-12-24,instagram,Social,592,451,2932,25,1370112,0.3703
2024-12-24,line,Social,521,438,2117,13,712458,0.4195
2024-12-24,google_ads,Paid Search,1178,869,4836,74,4055534,0.3633
2024-12-24,yahoo_ads,Paid Search,652,482,2271,26,1424917,0.4035
2024-12-24,direct,Direct,1183,1034,5233,60,3288270,0.445
2024-12-24,email,Email,461,338,2108,33,1808548,0.3625
2024-12-24,affiliate,Affiliate,426,371,1385,13,712458,0.4414
2024-12-25,google,Organic Search,2156,1899,8342,91,2207478,0.422
2024-12-25,yahoo,Organic Search,982,783,4081,37,897546,0.4723
2024-12-25,bing,Organic Search,212,166,666,9,218322,0.4965
2024-12-25,facebook,Social,398,329,1894,9,218322,0.5219
2024-12-25,twitter,Social,396,277,1489,14,339612,0.5046
2024-12-25,instagram,Social,476,390,1775,15,363870,0.5261
2024-12-25,line,Social,335,301,1335,9,218322,0.3446
2024-12-25,google_ads,Paid Search,1011,864,4627,59,1431222,0.477
2024-12-25,yahoo_ads,Paid Search,378,332,1280,22,533676,0.3326
2024-12-25,direct,Direct,1198,1052,5717,66,1601028,0.4354
2024-12-25,email,Email,444,315,1994,25,606450,0.4263
2024-12-25,affiliate,Affiliate,355,283,1186,10,242580,0.3697
2024-12-26,google,Organic Search,2097,1875,6933,61,2172216,0.3673
2024-12-26,yahoo,Organic Search,838,612,3844,32,1139523,0.4963
2024-12-26,bing,Organic Search,217,192,1009,6,213660,0.4744
2024-12-26,facebook,Social,337,273,1137,9,320490,0.4121
2024-12-26,twitter,Social,336,287,1572,8,284880,0.3809
2024-12-26,instagram,Social,551,478,1821,12,427321,0.3207
2024-12-26,line,Social,342,301,1274,9,320490,0.3718
2024-12-26,google_ads,Paid Search,971,746,4260,44,1566844,0.4899
2024-12-26,yahoo_ads,Paid Search,461,347,2043,27,961472,0.3986
2024-12-26,direct,Direct,1040,934,4636,44,1566844,0.5381
2024-12-26,email,Email,458,395,1794,30,1068303,0.3629
2024-12-26,affiliate,Affiliate,307,247,1231,6,213660,0.4313
2024-12-27,google,Organic Search,3214,2353,12013,220,9734214,0.406
2024-12-27,yahoo,Organic Search,850,684,3522,55,2433553,0.5133
2024-12-27,bing,Organic Search,303,255,1172,13,575203,0.3737
2024-12-27,facebook,Social,369,284,1292,16,707942,0.4737
2024-12-27,twitter,Social,399,283,1874,14,619449,0.3025
2024-12-27,instagram,Social,634,484,2214,30,1327392,0.3023
2024-12-27,line,Social,322,264,1073,11,486710,0.4322
2024-12-27,google_ads,Paid Search,1119,791,3440,70,3097249,0.3066
2024-12-27,yahoo_ads,Paid Search,493,423,1904,31,1371639,0.4132
2024-12-27,direct,Direct,1086,819,3522,80,3539714,0.439
2024-12-27,email,Email,419,347,1671,33,1460132,0.4551
2024-12-27,affiliate,Affiliate,366,307,1489,18,796435,0.4697
2024-12-28,google,Organic Search,4652,3640,21066,159,7649895,0.4456
2024-12-28,yahoo,Organic Search,1117,788,5022,49,2357514,0.4897
2024-12-28,bing,Organic Search,478,391,1843,12,577350,0.3827
2024-12-28,facebook,Social,564,448,1809,16,769800,0.4531
2024-12-28,twitter,Social,591,520,2256,19,914138,0.5383
2024-12-28,instagram,Social,927,678,3588,23,1106588,0.4005
2024-12-28,line,Social,555,471,2230,16,769800,0.3262
2024-12-28,google_ads,Paid Search,1850,1654,5986,76,3656553,0.5396
2024-12-28,yahoo_ads,Paid Search,564,400,2487,22,1058476,0.5126
2024-12-28,direct,Direct,1576,1289,6713,85,4089566,0.5114
2024-12-28,email,Email,619,545,2972,30,1443376,0.5441
2024-12-28,affiliate,Affiliate,626,541,2391,13,625463,0.5477
2024-12-29,google,Organic Search,2464,1985,8977,91,4160635,0.3188
2024-12-29,yahoo,Organic Search,962,700,4380,40,1828850,0.4565
2024-12-29,bing,Organic Search,240,209,1056,7,320048,0.4369
2024-12-29,facebook,Social,433,344,1466,9,411491,0.3521
2024-12-29,twitter,Social,353,275,1205,12,548655,0.4622
2024-12-29,instagram,Social,572,499,2329,18,822982,0.488
2024-12-29,line,Social,284,220,1142,7,320048,0.5323
2024-12-29,google_ads,Paid Search,1146,841,4257,41,1874572,0.3727
2024-12-29,yahoo_ads,Paid Search,434,387,1869,25,1143031,0.5095
2024-12-29,direct,Direct,1006,809,4134,35,1600244,0.4856
2024-12-29,email,Email,368,284,1810,18,822982,0.411
2024-12-29,affiliate,Affiliate,366,275,1516,12,548655,0.5236
2024-12-30,google,Organic Search,2517,1869,7924,177,6883193,0.5229
2024-12-30,yahoo,Organic Search,965,806,4702,69,2683278,0.5067
2024-12-30,bing,Organic Search,289,224,1407,16,622209,0.408
2024-12-30,facebook,Social,430,349,1694,18,699985,0.312
2024-12-30,twitter,Social,390,318,1278,16,622209,0.3008
2024-12-30,instagram,Social,456,328,2196,22,855538,0.3538
2024-12-30,line,Social,298,209,1353,10,388880,0.5188
2024-12-30,google_ads,Paid Search,1063,804,4200,62,2411062,0.5386
2024-12-30,yahoo_ads,Paid Search,380,299,1366,31,1205531,0.414
2024-12-30,direct,Direct,842,630,3747,66,2566614,0.3171
2024-12-30,email,Email,500,438,2309,34,1322195,0.542
2024-12-30,affiliate,Affiliate,336,260,1131,17,661097,0.4108
2024-12-31,google,Organic Search,2646,1903,11056,128,8527811,0.4566
2024-12-31,yahoo,Organic Search,1034,747,4249,42,2798188,0.3718
2024-12-31,bing,Organic Search,359,321,1103,15,999352,0.3713
2024-12-31,facebook,Social,447,334,1947,9,599611,0.3578
2024-12-31,twitter,Social,408,342,1546,15,999352,0.3931
2024-12-31,instagram,Social,600,496,2236,14,932729,0.5131
2024-12-31,line,Social,449,347,1535,14,932729,0.494
2024-12-31,google_ads,Paid Search,1215,897,4046,49,3264552,0.4943
2024-12-31,yahoo_ads,Paid Search,454,358,1888,22,1465717,0.5193
2024-12-31,direct,Direct,1401,985,5397,61,4064035,0.4515
2024-12-31,email,Email,521,380,2236,32,2131952,0.3457
2024-12-31,affiliate,Affiliate,448,377,1386,12,799482,0.402
2025-01-01,google,Organic Search,2508,2154,10687,87,4031658,0.4469
2025-01-01,yahoo,Organic Search,727,595,2867,29,1343886,0.4746
2025-01-01,bing,Organic Search,225,167,677,7,324386,0.3752
2025-01-01,facebook,Social,424,313,2085,16,741454,0.4256
2025-01-01,twitter,Social,360,304,1141,13,602431,0.355
2025-01-01,instagram,Social,372,286,1701,14,648772,0.3847
2025-01-01,line,Social,348,255,1281,9,417068,0.4021
2025-01-01,google_ads,Paid Search,871,626,3224,54,2502408,0.5093
2025-01-01,yahoo_ads,Paid Search,319,286,1013,21,973159,0.3728
2025-01-01,direct,Direct,880,720,3774,51,2363386,0.4894
2025-01-01,email,Email,327,275,1358,24,1112181,0.5224
2025-01-01,affiliate,Affiliate,333,261,1328,9,417068,0.3138
2025-01-02,google,Organic Search,2449,2055,9826,76,2926883,0.3064
2025-01-02,yahoo,Organic Search,808,650,2793,39,1501953,0.3304
2025-01-02,bing,Organic Search,195,156,961,6,231069,0.4437
2025-01-02,facebook,Social,399,317,1878,13,500651,0.4178
2025-01-02,twitter,Social,317,230,1493,8,308093,0.4469
2025-01-02,instagram,Social,479,340,1916,19,731720,0.3937
2025-01-02,line,Social,290,219,1192,10,385116,0.4772
2025-01-02,google_ads,Paid Search,707,580,3463,43,1655999,0.3849
2025-01-02,yahoo_ads,Paid Search,291,208,1437,15,577674,0.3097
2025-01-02,direct,Direct,913,706,2859,44,1694511,0.4555
2025-01-02,email,Email,357,314,1288,18,693209,0.4124
2025-01-02,affiliate,Affiliate,281,249,1053,6,231069,0.3202
2025-01-03,google,Organic Search,2166,1738,9506,71,4580620,0.3139
2025-01-03,yahoo,Organic Search,691,494,3255,25,1612894,0.323
2025-01-03,bing,Organic Search,257,211,849,7,451610,0.3165
2025-01-03,facebook,Social,335,255,1349,6,387094,0.4472
2025-01-03,twitter,Social,337,276,1288,9,580642,0.4185
2025-01-03,instagram,Social,438,326,1319,13,838705,0.4628
2025-01-03,line,Social,266,231,838,8,516126,0.3266
2025-01-03,google_ads,Paid Search,905,683,4012,39,2516115,0.4487
2025-01-03,yahoo_ads,Paid Search,351,298,1203,10,645157,0.5086
2025-01-03,direct,Direct,878,767,4150,34,2193536,0.3929
2025-01-03,email,Email,334,262,1130,18,1161284,0.5261
2025-01-03,affiliate,Affiliate,265,186,1124,4,258063,0.4654
2025-01-04,google,Organic Search,3606,2769,15723,86,1017635,0.3145
2025-01-04,yahoo,Organic Search,1523,1370,5091,33,390487,0.4929
2025-01-04,bing,Organic Search,346,302,1632,6,70997,0.4009
2025-01-04,facebook,Social,702,611,2548,15,177494,0.4309
2025-01-04,twitter,Social,517,454,1722,10,118329,0.3374
2025-01-04,instagram,Social,804,594,3040,18,212993,0.5366
2025-01-04,line,Social,467,396,1819,11,130162,0.5344
2025-01-04,google_ads,Paid Search,1708,1390,7489,57,674479,0.448
2025-01-04,yahoo_ads,Paid Search,748,568,2563,23,272158,0.3094
2025-01-04,direct,Direct,1275,1065,5509,50,591648,0.4537
2025-01-04,email,Email,741,647,2755,29,343156,0.5317
2025-01-04,affiliate,Affiliate,561,455,2281,10,118329,0.3345
2025-01-05,google,Organic Search,3566,2533,17463,135,8600837,0.4604
2025-01-05,yahoo,Organic Search,1320,1018,5313,62,3950014,0.4689
2025-01-05,bing,Organic Search,407,356,1973,14,891938,0.4676
2025-01-05,facebook,Social,672,598,2960,21,1337907,0.3105
2025-01-05,twitter,Social,533,422,2202,18,1146778,0.3373
2025-01-05,instagram,Social,679,477,2407,27,1720167,0.3006
2025-01-05,line,Social,443,380,2166,17,1083068,0.4521
2025-01-05,google_ads,Paid Search,1241,1061,5148,86,5479051,0.4739
2025-01-05,yahoo_ads,Paid Search,670,518,2965,42,2675815,0.3101
2025-01-05,direct,Direct,1313,962,3999,63,4013723,0.3333
2025-01-05,email,Email,609,546,2248,46,2930655,0.4498
2025-01-05,affiliate,Affiliate,539,454,2430,14,891938,0.3222
2025-01-06,google,Organic Search,2976,2103,9470,113,4275370,0.3123
2025-01-06,yahoo,Organic Search,809,652,2860,26,983713,0.5279
2025-01-06,bing,Organic Search,246,186,999,5,189175,0.4021
2025-01-06,facebook,Social,394,340,1966,7,264845,0.3824
2025-01-06,twitter,Social,330,278,1248,9,340516,0.5262
2025-01-06,instagram,Social,532,441,2609,13,491856,0.4986
2025-01-06,line,Social,282,223,1023,6,227010,0.475
2025-01-06,google_ads,Paid Search,1176,1055,4169,56,2118767,0.5187
2025-01-06,yahoo_ads,Paid Search,479,405,1536,18,681032,0.4973
2025-01-06,direct,Direct,1053,875,4510,35,1324229,0.3524
2025-01-06,email,Email,352,286,1673,16,605362,0.5321
2025-01-06,affiliate,Affiliate,350,275,1572,10,378351,0.3512
2025-01-07,google,Organic Search,2562,1802,11387,114,4369669,0.5089
2025-01-07,yahoo,Organic Search,864,751,3932,34,1303234,0.372
2025-01-07,bing,Organic Search,251,203,834,11,421634,0.3775
2025-01-07,facebook,Social,522,468,2366,19,728278,0.5355
2025-01-07,twitter,Social,319,224,1384,12,459965,0.4173
2025-01-07,instagram,Social,507,441,1543,20,766608,0.4524
2025-01-07,line,Social,341,295,1234,10,383304,0.5358
2025-01-07,google_ads,Paid Search,942,786,3301,55,2108173,0.3812
2025-01-07,yahoo_ads,Paid Search,510,390,2074,31,1188243,0.3154
2025-01-07,direct,Direct,954,684,4471,46,1763200,0.4795
2025-01-07,email,Email,530,470,2177,36,1379895,0.4501
2025-01-07,affiliate,Affiliate,429,302,1908,15,574956,0.5264
2025-01-08,google,Organic Search,2212,1845,11016,88,2317055,0.3227
2025-01-08,yahoo,Organic Search,703,582,2963,23,605594,0.3384
2025-01-08,bing,Organic Search,174,126,614,7,184311,0.5088
2025-01-08,facebook,Social,306,271,1057,9,236971,0.3974
2025-01-08,twitter,Social,274,241,1323,9,236971,0.4942
2025-01-08,instagram,Social,352,273,1155,7,184311,0.4776
2025-01-08,line,Social,280,242,979,6,157981,0.4081
2025-01-08,google_ads,Paid Search,844,665,2642,39,1026876,0.4004
2025-01-08,yahoo_ads,Paid Search,364,284,1400,22,579263,0.4757
2025-01-08,direct,Direct,931,733,4275,36,947886,0.4524
2025-01-08,email,Email,278,204,1117,17,447612,0.4323
2025-01-08,affiliate,Affiliate,303,229,1048,8,210641,0.5186
2025-01-09,google,Organic Search,2224,1640,10111,95,8042089,0.4186
2025-01-09,yahoo,Organic Search,803,698,3298,33,2793567,0.4795
2025-01-09,bing,Organic Search,296,226,1451,16,1354457,0.3062
2025-01-09,facebook,Social,405,305,1436,17,1439110,0.3757
2025-01-09,twitter,Social,356,300,1705,12,1015842,0.4685
2025-01-09,instagram,Social,451,339,1488,20,1693071,0.3225
2025-01-09,line,Social,350,254,1260,9,761882,0.3704
2025-01-09,google_ads,Paid Search,1067,909,3761,74,6264364,0.3613
2025-01-09,yahoo_ads,Paid Search,506,443,1720,20,1693071,0.5368
2025-01-09,direct,Direct,960,807,4008,49,4148025,0.3795
2025-01-09,email,Email,436,308,1317,33,2793567,0.4145
2025-01-09,affiliate,Affiliate,291,216,1124,11,931189,0.3494
2025-01-10,google,Organic Search,2200,1550,6824,57,2968105,0.5386
2025-01-10,yahoo,Organic Search,616,439,1981,23,1197656,0.4272
2025-01-10,bing,Organic Search,212,188,966,9,468648,0.4505
2025-01-10,facebook,Social,353,313,1484,8,416576,0.4448
2025-01-10,twitter,Social,256,227,928,5,260360,0.4106
2025-01-10,instagram,Social,365,257,1703,11,572792,0.3351
2025-01-10,line,Social,332,243,1371,10,520720,0.3782
2025-01-10,google_ads,Paid Search,752,587,2855,40,2082880,0.3425
2025-01-10,yahoo_ads,Paid Search,342,264,1676,18,937296,0.5366
2025-01-10,direct,Direct,740,645,2801,24,1249728,0.3011
2025-01-10,email,Email,327,281,1068,17,885224,0.3276
2025-01-10,affiliate,Affiliate,336,274,1524,10,520720,0.4072
2025-01-11,google,Organic Search,4791,3587,21358,141,7453159,0.4049
2025-01-11,yahoo,Organic Search,1726,1526,8398,50,2642964,0.3605
2025-01-11,bing,Organic Search,486,429,1895,14,740030,0.4861
2025-01-11,facebook,Social,714,528,2749,15,792889,0.4889
2025-01-11,twitter,Social,603,456,2389,17,898607,0.3111
2025-01-11,instagram,Social,978,764,2955,32,1691497,0.3424
2025-01-11,line,Social,614,526,2153,16,845748,0.4909
2025-01-11,google_ads,Paid Search,1867,1510,6150,69,3647290,0.4131
2025-01-11,yahoo_ads,Paid Search,834,723,3486,33,1744356,0.348
2025-01-11,direct,Direct,1793,1398,5807,69,3647290,0.4042
2025-01-11,email,Email,600,469,2166,21,1110045,0.5314
2025-01-11,affiliate,Affiliate,550,443,2424,16,845748,0.365
2025-01-12,google,Organic Search,4063,3519,15155,172,7929160,0.3251
2025-01-12,yahoo,Organic Search,1230,977,4164,36,1659591,0.4568
2025-01-12,bing,Organic Search,411,354,1650,16,737596,0.424
2025-01-12,facebook,Social,674,577,2421,27,1244693,0.4363
2025-01-12,twitter,Social,409,325,1907,13,599296,0.524
2025-01-12,instagram,Social,666,580,2230,15,691496,0.4555
2025-01-12,line,Social,372,333,1190,11,507097,0.4059
2025-01-12,google_ads,Paid Search,1274,1113,4427,85,3918480,0.3203
2025-01-12,yahoo_ads,Paid Search,604,503,1850,29,1336893,0.3333
2025-01-12,direct,Direct,1484,1293,4625,61,2812085,0.3539
2025-01-12,email,Email,690,580,2322,41,1890090,0.4525
2025-01-12,affiliate,Affiliate,501,433,2107,14,645396,0.3973
2025-01-13,google,Organic Search,2438,1787,9277,83,2092664,0.3859
2025-01-13,yahoo,Organic Search,762,606,3719,28,705959,0.3734
2025-01-13,bing,Organic Search,230,186,941,8,201702,0.3133
2025-01-13,facebook,Social,381,342,1377,8,201702,0.5211
2025-01-13,twitter,Social,340,274,1591,8,201702,0.5208
2025-01-13,instagram,Social,411,315,1267,9,226915,0.4496
2025-01-13,line,Social,362,306,1540,8,201702,0.3939
2025-01-13,google_ads,Paid Search,816,710,3567,38,958087,0.3045
2025-01-13,yahoo_ads,Paid Search,352,286,1588,11,277341,0.3276
2025-01-13,direct,Direct,1082,906,5348,43,1084151,0.3209
2025-01-13,email,Email,460,358,2163,17,428617,0.5266
2025-01-13,affiliate,Affiliate,318,267,1483,8,201702,0.3304
2025-01-14,google,Organic Search,2372,1874,9126,84,2385777,0.4273
2025-01-14,yahoo,Organic Search,828,737,2782,30,852063,0.481
2025-01-14,bing,Organic Search,237,194,978,9,255618,0.5152
2025-01-14,facebook,Social,397,345,1519,8,227216,0.3634
2025-01-14,twitter,Social,323,278,1139,8,227216,0.301
2025-01-14,instagram,Social,421,358,1495,9,255618,0.4109
2025-01-14,line,Social,234,200,772,5,142010,0.4618
2025-01-14,google_ads,Paid Search,985,849,3169,51,1448507,0.3627
2025-01-14,yahoo_ads,Paid Search,407,336,1761,21,596444,0.4036
2025-01-14,direct,Direct,690,576,2722,34,965671,0.5249
2025-01-14,email,Email,328,286,1506,15,426031,0.4287
2025-01-14,affiliate,Affiliate,239,198,901,5,142010,0.5091
2025-01-15,google,Organic Search,2620,2031,11992,109,5158484,0.3879
2025-01-15,yahoo,Organic Search,641,498,3081,16,757208,0.3597
2025-01-15,bing,Organic Search,196,138,896,8,378604,0.3803
2025-01-15,facebook,Social,301,219,1235,10,473255,0.3685
2025-01-15,twitter,Social,244,176,766,5,236627,0.4901
2025-01-15,instagram,Social,441,345,2142,11,520581,0.5277
2025-01-15,line,Social,321,245,1207,11,520581,0.4534
2025-01-15,google_ads,Paid Search,932,727,4634,42,1987673,0.5053
2025-01-15,yahoo_ads,Paid Search,360,271,1152,18,851859,0.3881
2025-01-15,direct,Direct,853,736,3171,25,1183138,0.4451
2025-01-15,email,Email,307,269,1294,13,615232,0.5376
2025-01-15,affiliate,Affiliate,355,269,1674,9,425929,0.5497
