date,region,sessions,visitors,pageviews,conversions,revenue
2024-10-18,東京,1908,1677,7389,38,1631189
2024-10-18,大阪,806,592,3270,23,987298
2024-10-18,神奈川,657,482,2353,15,643890
2024-10-18,愛知,641,496,3084,16,686816
2024-10-18,福岡,420,306,1860,9,386334
2024-10-18,北海道,373,317,1610,9,386334
2024-10-18,埼玉,556,422,2245,14,600964
2024-10-18,千葉,489,359,1987,11,472186
2024-10-18,兵庫,379,278,1852,8,343408
2024-10-18,その他,1322,1105,6406,28,1201928
2024-10-19,東京,1647,1331,7738,50,1856122
2024-10-19,大阪,764,604,3085,32,1187918
2024-10-19,神奈川,693,594,3418,19,705326
2024-10-19,愛知,576,498,2431,21,779571
2024-10-19,福岡,467,379,1675,13,482591
2024-10-19,北海道,391,337,1852,9,334102
2024-10-19,埼玉,477,379,2096,14,519714
2024-10-19,千葉,415,315,1487,13,482591
2024-10-19,兵庫,314,269,1551,9,334102
2024-10-19,その他,1157,843,5005,36,1336408
2024-10-20,東京,1658,1470,6289,46,1095510
2024-10-20,大阪,961,744,3523,17,404862
2024-10-20,神奈川,709,549,2925,15,357231
2024-10-20,愛知,558,493,2288,15,357231
2024-10-20,福岡,404,351,1760,9,214338
2024-10-20,北海道,366,289,1433,7,166708
2024-10-20,埼玉,588,421,2513,14,333416
2024-10-20,千葉,408,357,1750,10,238154
2024-10-20,兵庫,352,302,1561,7,166708
2024-10-20,その他,1176,901,5809,25,595386
2024-10-21,東京,1397,1123,6521,38,2250040
2024-10-21,大阪,634,517,2851,16,947385
2024-10-21,神奈川,590,456,2131,18,1065808
2024-10-21,愛知,505,416,2272,12,710539
2024-10-21,福岡,337,286,1585,8,473692
2024-10-21,北海道,282,203,1022,7,414481
2024-10-21,埼玉,370,329,1729,10,592115
2024-10-21,千葉,349,255,1733,9,532904
2024-10-21,兵庫,267,213,1284,6,355269
2024-10-21,その他,992,870,3875,20,1184231
2024-10-22,東京,1576,1375,6925,64,1707990
2024-10-22,大阪,897,768,4337,30,800620
2024-10-22,神奈川,743,668,2730,26,693870
2024-10-22,愛知,646,502,2855,18,480372
2024-10-22,福岡,380,332,1451,13,346935
2024-10-22,北海道,357,280,1441,13,346935
2024-10-22,埼玉,503,415,2364,15,400310
2024-10-22,千葉,432,348,1731,15,400310
2024-10-22,兵庫,383,310,1373,12,320248
2024-10-22,その他,1054,797,4753,33,880682
2024-10-23,東京,1633,1229,6474,50,2911320
2024-10-23,大阪,924,810,3352,19,1106301
2024-10-23,神奈川,751,618,2957,20,1164528
2024-10-23,愛知,596,533,2884,15,873396
2024-10-23,福岡,436,305,1544,13,756943
2024-10-23,北海道,419,298,1615,8,465811
2024-10-23,埼玉,522,430,2013,13,756943
2024-10-23,千葉,458,395,1825,12,698716
2024-10-23,兵庫,437,311,1552,9,524037
2024-10-23,その他,1100,810,4693,31,1805018
2024-10-24,東京,1305,1003,6345,39,2373416
2024-10-24,大阪,808,640,2857,12,730281
2024-10-24,神奈川,667,476,2444,13,791138
2024-10-24,愛知,459,384,2203,12,730281
2024-10-24,福岡,342,306,1205,6,365140
2024-10-24,北海道,337,236,1527,6,365140
2024-10-24,埼玉,476,348,1795,11,669425
2024-10-24,千葉,363,307,1369,8,486854
2024-10-24,兵庫,338,293,1456,7,425997
2024-10-24,その他,927,756,4449,25,1521420
2024-10-25,東京,2201,1782,7715,44,2565913
2024-10-25,大阪,801,590,3109,17,991375
2024-10-25,神奈川,729,571,2659,15,874743
2024-10-25,愛知,535,431,2228,14,816427
2024-10-25,福岡,483,379,2154,11,641478
2024-10-25,北海道,440,345,1965,9,524846
2024-10-25,埼玉,490,439,2095,11,641478
2024-10-25,千葉,524,471,2289,9,524846
2024-10-25,兵庫,334,252,1185,8,466529
2024-10-25,その他,1359,1167,5344,24,1399589
2024-10-26,東京,1762,1360,7756,79,3334993
2024-10-26,大阪,962,849,4340,32,1350883
2024-10-26,神奈川,753,554,3250,30,1266453
2024-10-26,愛知,704,607,3154,22,928732
2024-10-26,福岡,513,387,1926,18,759872
2024-10-26,北海道,386,287,1353,14,591011
2024-10-26,埼玉,517,433,2120,22,928732
2024-10-26,千葉,422,309,1544,15,633226
2024-10-26,兵庫,435,318,1558,16,675441
2024-10-26,その他,1178,872,4655,42,1773034
2024-10-27,東京,2338,1969,10409,85,4839384
2024-10-27,大阪,1191,1064,4478,42,2391225
2024-10-27,神奈川,942,676,3913,31,1764951
2024-10-27,愛知,842,645,3632,24,1366414
2024-10-27,福岡,701,582,2499,16,910942
2024-10-27,北海道,447,322,1579,15,854008
2024-10-27,埼玉,648,544,2464,22,1252546
2024-10-27,千葉,647,532,2664,16,910942
2024-10-27,兵庫,537,476,1882,18,1024810
2024-10-27,その他,1834,1633,7194,40,2277357
2024-10-28,東京,1581,1142,7256,52,2106774
2024-10-28,大阪,892,752,4141,31,1255961
2024-10-28,神奈川,609,426,2451,20,810297
2024-10-28,愛知,484,356,1784,16,648238
2024-10-28,福岡,442,356,1940,12,486178
2024-10-28,北海道,332,253,1187,10,405148
2024-10-28,埼玉,444,360,2015,15,607723
2024-10-28,千葉,397,308,1890,14,567208
2024-10-28,兵庫,300,255,1238,13,526693
2024-10-28,その他,985,707,3515,39,1580080
2024-10-29,東京,1331,1065,6353,47,1814057
2024-10-29,大阪,666,593,3288,30,1157909
2024-10-29,神奈川,663,473,2886,20,771939
2024-10-29,愛知,490,440,2088,19,733342
2024-10-29,福岡,344,241,1466,11,424566
2024-10-29,北海道,306,245,1491,12,463163
2024-10-29,埼玉,438,319,2094,17,656148
2024-10-29,千葉,380,280,1858,11,424566
2024-10-29,兵庫,259,197,1164,10,385969
2024-10-29,その他,1062,834,5281,32,1235102
2024-10-30,東京,1986,1564,7648,55,3274132
2024-10-30,大阪,855,617,3339,25,1488241
2024-10-30,神奈川,632,546,2235,18,1071534
2024-10-30,愛知,616,460,2796,18,1071534
2024-10-30,福岡,501,374,1828,13,773885
2024-10-30,北海道,327,276,1475,10,595296
2024-10-30,埼玉,487,397,2057,11,654826
2024-10-30,千葉,469,360,1847,11,654826
2024-10-30,兵庫,334,240,1342,8,476237
2024-10-30,その他,1008,856,4020,27,1607301
2024-10-31,東京,956,780,4720,26,1304751
2024-10-31,大阪,374,333,1792,12,602193
2024-10-31,神奈川,327,240,1439,9,451644
2024-10-31,愛知,309,249,1401,7,351279
2024-10-31,福岡,213,181,766,6,301096
2024-10-31,北海道,188,152,927,4,200731
2024-10-31,埼玉,283,214,1090,6,301096
2024-10-31,千葉,220,178,770,4,200731
2024-10-31,兵庫,172,153,789,4,200731
2024-10-31,その他,556,446,2124,12,602193
2024-11-01,東京,2741,2256,12199,128,5617063
2024-11-01,大阪,1317,1167,5622,63,2764648
2024-11-01,神奈川,1021,752,4548,44,1930865
2024-11-01,愛知,867,641,3658,30,1316499
2024-11-01,福岡,726,607,2910,27,1184849
2024-11-01,北海道,554,460,1981,22,965432
2024-11-01,埼玉,757,579,3740,29,1272616
2024-11-01,千葉,588,471,2819,25,1097082
2024-11-01,兵庫,528,460,2093,24,1053199
2024-11-01,その他,1679,1454,5988,68,2984065
2024-11-02,東京,2461,2001,10224,96,4325669
2024-11-02,大阪,1268,996,5392,38,1712244
2024-11-02,神奈川,1170,1022,5225,32,1441889
2024-11-02,愛知,715,505,3572,31,1396830
2024-11-02,福岡,696,523,2834,19,856122
2024-11-02,北海道,499,381,2211,17,766003
2024-11-02,埼玉,657,566,2769,28,1261653
2024-11-02,千葉,693,487,3069,19,856122
2024-11-02,兵庫,515,453,2551,18,811063
2024-11-02,その他,1739,1246,6505,64,2883779
2024-11-03,東京,3659,2887,14500,127,7147432
2024-11-03,大阪,1694,1398,6370,54,3039065
2024-11-03,神奈川,1189,887,5747,48,2701391
2024-11-03,愛知,948,767,4002,36,2026043
2024-11-03,福岡,709,636,3182,25,1406974
2024-11-03,北海道,656,494,2635,25,1406974
2024-11-03,埼玉,1000,736,4760,42,2363717
2024-11-03,千葉,727,514,2698,27,1519532
2024-11-03,兵庫,769,550,3798,25,1406974
2024-11-03,その他,2438,2161,9338,92,5177667
2024-11-04,東京,2228,1947,10461,96,5649354
2024-11-04,大阪,926,696,3697,47,2765829
2024-11-04,神奈川,714,541,3056,42,2471592
2024-11-04,愛知,626,480,2922,34,2000812
2024-11-04,福岡,537,416,2481,21,1235796
2024-11-04,北海道,454,338,2193,19,1118101
2024-11-04,埼玉,547,473,2069,25,1471185
2024-11-04,千葉,527,463,1980,22,1294643
2024-11-04,兵庫,395,278,1448,20,1176948
2024-11-04,その他,1486,1330,5607,52,3060066
2024-11-05,東京,1958,1628,8559,121,6304570
2024-11-05,大阪,989,738,4117,60,3126233
2024-11-05,神奈川,733,549,2932,46,2396778
2024-11-05,愛知,648,465,2934,28,1458908
2024-11-05,福岡,480,402,1685,30,1563116
2024-11-05,北海道,423,362,2109,18,937869
2024-11-05,埼玉,577,431,2398,33,1719428
2024-11-05,千葉,542,408,2259,23,1198389
2024-11-05,兵庫,434,384,1580,21,1094181
2024-11-05,その他,1257,936,5637,76,3959895
2024-11-06,東京,2074,1501,10152,82,4374029
2024-11-06,大阪,1124,861,4933,53,2827116
2024-11-06,神奈川,921,782,4232,47,2507065
2024-11-06,愛知,637,505,3116,32,1706938
2024-11-06,福岡,513,401,1982,21,1120178
2024-11-06,北海道,409,331,1959,22,1173520
2024-11-06,埼玉,709,573,2570,25,1333545
2024-11-06,千葉,622,484,2459,23,1226861
2024-11-06,兵庫,455,352,2138,18,960152
2024-11-06,その他,1624,1289,7812,59,3147167
2024-11-07,東京,2054,1527,9279,132,7488009
2024-11-07,大阪,1167,1017,4262,56,3176731
2024-11-07,神奈川,905,780,3461,46,2609457
2024-11-07,愛知,828,610,3840,35,1985456
2024-11-07,福岡,499,355,2013,27,1531638
2024-11-07,北海道,488,381,2022,23,1304728
2024-11-07,埼玉,609,542,2908,31,1758547
2024-11-07,千葉,508,450,2179,22,1248001
2024-11-07,兵庫,479,365,2022,25,1418183
2024-11-07,その他,1731,1264,6404,78,4424732
2024-11-08,東京,1987,1508,7018,112,6463634
2024-11-08,大阪,1186,832,4572,42,2423862
2024-11-08,神奈川,802,709,3864,39,2250729
2024-11-08,愛知,688,557,2659,31,1789041
2024-11-08,福岡,453,334,1720,28,1615908
2024-11-08,北海道,432,303,1607,20,1154220
2024-11-08,埼玉,588,438,2431,30,1731330
2024-11-08,千葉,532,407,1968,28,1615908
2024-11-08,兵庫,434,313,1795,22,1269642
2024-11-08,その他,1193,950,4709,52,3000973
2024-11-09,東京,2872,2271,11809,100,5484830
2024-11-09,大阪,1248,1096,6236,37,2029387
2024-11-09,神奈川,941,685,4226,32,1755145
2024-11-09,愛知,873,742,3644,35,1919690
2024-11-09,福岡,645,517,2717,24,1316359
2024-11-09,北海道,543,450,2399,19,1042117
2024-11-09,埼玉,776,623,3509,28,1535752
2024-11-09,千葉,615,430,2669,20,1096966
2024-11-09,兵庫,534,412,2184,22,1206662
2024-11-09,その他,1516,1295,5873,51,2797263
2024-11-10,東京,2650,2104,12758,95,4482853
2024-11-10,大阪,1211,1064,5803,39,1840329
2024-11-10,神奈川,923,662,3627,28,1321261
2024-11-10,愛知,937,725,4528,29,1368449
2024-11-10,福岡,607,539,2897,19,896570
2024-11-10,北海道,566,485,2133,17,802194
2024-11-10,埼玉,734,556,3443,29,1368449
2024-11-10,千葉,614,523,2304,17,802194
2024-11-10,兵庫,533,474,2098,14,660630
2024-11-10,その他,1507,1340,6883,48,2265020
2024-11-11,東京,2582,2052,9463,80,5344240
2024-11-11,大阪,1176,1053,5521,34,2271302
2024-11-11,神奈川,937,803,3451,27,1803681
2024-11-11,愛知,698,566,3267,22,1469666
2024-11-11,福岡,545,432,2519,16,1068848
2024-11-11,北海道,441,392,2174,14,935242
2024-11-11,埼玉,773,570,2951,25,1670075
2024-11-11,千葉,550,490,2575,17,1135651
2024-11-11,兵庫,513,452,2432,14,935242
2024-11-11,その他,1385,1044,5015,59,3941377
2024-11-12,東京,2675,1923,10641,140,7854715
2024-11-12,大阪,1407,1190,5373,68,3815147
2024-11-12,神奈川,892,668,3435,48,2693045
2024-11-12,愛知,742,568,3510,43,2412519
2024-11-12,福岡,555,390,2343,31,1739258
2024-11-12,北海道,442,379,1871,31,1739258
2024-11-12,埼玉,626,533,2370,38,2131994
2024-11-12,千葉,625,533,2940,35,1963678
2024-11-12,兵庫,569,444,2476,31,1739258
2024-11-12,その他,1777,1597,6255,91,5105565
2024-11-13,東京,2563,1928,9826,107,2815589
2024-11-13,大阪,1366,1158,6201,47,1236754
2024-11-13,神奈川,991,818,4601,42,1105184
2024-11-13,愛知,954,851,4170,42,1105184
2024-11-13,福岡,721,633,2536,31,815731
2024-11-13,北海道,610,524,2251,23,605220
2024-11-13,埼玉,726,550,2675,29,763103
2024-11-13,千葉,702,535,2640,22,578906
2024-11-13,兵庫,550,413,2327,21,552592
2024-11-13,その他,1793,1318,6940,63,1657776
2024-11-14,東京,3323,2724,12834,132,6041694
2024-11-14,大阪,1392,984,5850,55,2517372
2024-11-14,神奈川,1128,944,5627,47,2151209
2024-11-14,愛知,901,804,4277,46,2105438
2024-11-14,福岡,690,500,2945,36,1647734
2024-11-14,北海道,543,426,2007,23,1052719
2024-11-14,埼玉,863,695,3209,38,1739275
2024-11-14,千葉,622,557,2266,34,1556193
2024-11-14,兵庫,544,388,2618,31,1418882
2024-11-14,その他,1875,1428,7398,85,3890484
2024-11-15,東京,2567,2168,11563,149,15315854
2024-11-15,大阪,1425,1173,5970,56,5756294
2024-11-15,神奈川,1182,979,5701,47,4831175
2024-11-15,愛知,846,679,3400,34,3494893
2024-11-15,福岡,688,548,2889,36,3700474
2024-11-15,北海道,570,427,2780,21,2158610
2024-11-15,埼玉,802,594,3628,29,2980938
2024-11-15,千葉,706,535,3456,35,3597683
2024-11-15,兵庫,553,453,2037,27,2775356
2024-11-15,その他,1987,1492,9379,70,7195367
2024-11-16,東京,2927,2350,11899,138,4438227
2024-11-16,大阪,1528,1331,5877,47,1511570
2024-11-16,神奈川,1249,1019,6035,41,1318603
2024-11-16,愛知,897,772,4130,42,1350764
2024-11-16,福岡,765,561,2732,28,900509
2024-11-16,北海道,522,423,1971,20,643221
2024-11-16,埼玉,682,590,2992,27,868348
2024-11-16,千葉,649,463,3225,33,1061315
2024-11-16,兵庫,585,488,2717,21,675382
2024-11-16,その他,1770,1292,6935,89,2862334
2024-11-17,東京,2286,1709,11147,114,6992105
2024-11-17,大阪,1091,879,5289,60,3680055
2024-11-17,神奈川,1197,1070,5602,56,3434718
2024-11-17,愛知,948,678,3889,44,2698707
2024-11-17,福岡,652,492,2846,29,1778693
2024-11-17,北海道,588,502,2695,21,1288019
2024-11-17,埼玉,830,707,3552,42,2576038
2024-11-17,千葉,569,485,2755,31,1901361
2024-11-17,兵庫,566,464,2263,22,1349353
2024-11-17,その他,1421,1026,6769,72,4416066
2024-11-18,東京,3121,2783,12698,169,12278053
2024-11-18,大阪,1377,996,5031,81,5884747
2024-11-18,神奈川,1175,866,4749,77,5594142
2024-11-18,愛知,1193,1053,5066,57,4141118
2024-11-18,福岡,783,559,2845,49,3559909
2024-11-18,北海道,703,603,3426,37,2688094
2024-11-18,埼玉,910,728,4524,54,3923165
2024-11-18,千葉,887,666,4132,51,3705211
2024-11-18,兵庫,625,555,2205,32,2324838
2024-11-18,その他,2454,2119,9604,102,7410422
2024-11-19,東京,1762,1439,7087,84,3635432
2024-11-19,大阪,927,660,3383,36,1558042
2024-11-19,神奈川,720,631,2784,42,1817716
2024-11-19,愛知,603,456,2480,33,1428205
2024-11-19,福岡,445,313,1659,19,822300
2024-11-19,北海道,383,282,1534,15,649184
2024-11-19,埼玉,451,397,1591,23,995415
2024-11-19,千葉,463,386,2029,21,908858
2024-11-19,兵庫,338,269,1600,21,908858
2024-11-19,その他,1147,979,5676,72,3116084
2024-11-20,東京,2611,2222,12586,92,1915126
2024-11-20,大阪,1422,1222,5426,41,853480
2024-11-20,神奈川,1054,811,5161,32,666130
2024-11-20,愛知,743,608,2735,31,645314
2024-11-20,福岡,591,435,2778,22,457964
2024-11-20,北海道,593,437,2480,16,333065
2024-11-20,埼玉,782,550,3371,23,478781
2024-11-20,千葉,709,555,3511,21,437148
2024-11-20,兵庫,550,446,2729,20,416331
2024-11-20,その他,1758,1476,8091,68,1415528
2024-11-21,東京,1621,1388,6394,45,1698141
2024-11-21,大阪,846,730,3101,21,792466
2024-11-21,神奈川,760,560,3277,20,754729
2024-11-21,愛知,517,398,1858,14,528310
2024-11-21,福岡,475,395,1926,9,339628
2024-11-21,北海道,361,301,1658,9,339628
2024-11-21,埼玉,512,425,2007,11,415101
2024-11-21,千葉,356,280,1495,11,415101
2024-11-21,兵庫,367,280,1317,9,339628
2024-11-21,その他,1169,899,5328,32,1207567
2024-11-22,東京,2092,1678,9318,84,6138727
2024-11-22,大阪,1041,758,3888,37,2703963
2024-11-22,神奈川,862,673,3236,39,2850123
2024-11-22,愛知,713,624,3144,30,2192402
2024-11-22,福岡,550,396,2001,16,1169281
2024-11-22,北海道,440,351,1851,14,1023121
2024-11-22,埼玉,546,400,2199,27,1973162
2024-11-22,千葉,537,448,2537,16,1169281
2024-11-22,兵庫,467,356,2045,19,1388521
2024-11-22,その他,1156,830,4592,49,3580924
2024-11-23,東京,3087,2507,12811,109,5118760
2024-11-23,大阪,1315,998,5839,66,3099433
2024-11-23,神奈川,1083,864,5111,38,1784522
2024-11-23,愛知,781,570,3628,30,1408833
2024-11-23,福岡,710,563,3431,28,1314910
2024-11-23,北海道,599,516,2673,26,1220988
2024-11-23,埼玉,767,678,2711,37,1737560
2024-11-23,千葉,576,435,2770,33,1549716
2024-11-23,兵庫,536,383,2001,19,892261
2024-11-23,その他,1642,1379,8176,74,3475121
2024-11-24,東京,2975,2392,12819,134,6152401
2024-11-24,大阪,1461,1023,5327,51,2341585
2024-11-24,神奈川,1066,789,5161,57,2617066
2024-11-24,愛知,1093,970,4271,50,2295672
2024-11-24,福岡,728,626,3518,27,1239663
2024-11-24,北海道,669,569,2439,25,1147836
2024-11-24,埼玉,730,573,3645,41,1882451
2024-11-24,千葉,638,507,3024,36,1652884
2024-11-24,兵庫,663,503,3265,31,1423316
2024-11-24,その他,1735,1364,8228,71,3259854
2024-11-25,東京,2520,2131,9611,96,5167176
2024-11-25,大阪,1384,1217,5476,33,1776216
2024-11-25,神奈川,1016,746,4101,32,1722392
2024-11-25,愛知,738,544,3124,23,1237969
2024-11-25,福岡,664,583,2957,20,1076495
2024-11-25,北海道,537,424,2434,18,968845
2024-11-25,埼玉,619,529,2394,27,1453268
2024-11-25,千葉,658,489,2367,16,861196
2024-11-25,兵庫,550,474,1928,18,968845
2024-11-25,その他,1627,1189,7280,58,3121835
2024-11-26,東京,1829,1454,8194,52,2501926
2024-11-26,大阪,896,663,3456,25,1202849
2024-11-26,神奈川,767,637,3188,22,1058507
2024-11-26,愛知,724,525,2587,20,962279
2024-11-26,福岡,558,407,1971,11,529253
2024-11-26,北海道,434,389,2096,12,577367
2024-11-26,埼玉,569,432,2121,15,721709
2024-11-26,千葉,447,323,1725,12,577367
2024-11-26,兵庫,393,320,1957,14,673595
2024-11-26,その他,1286,983,4853,37,1780216
2024-11-27,東京,2539,2278,9057,120,5953139
2024-11-27,大阪,1221,900,4939,47,2331646
2024-11-27,神奈川,1010,761,4068,40,1984379
2024-11-27,愛知,799,716,3190,31,1537894
2024-11-27,福岡,759,675,3556,27,1339456
2024-11-27,北海道,595,425,2495,23,1141018
2024-11-27,埼玉,913,814,4263,31,1537894
2024-11-27,千葉,759,646,3252,26,1289846
2024-11-27,兵庫,641,556,2890,23,1141018
2024-11-27,その他,1713,1519,7501,53,2629303
2024-11-28,東京,1681,1455,7992,83,2215390
2024-11-28,大阪,940,726,3718,49,1307880
2024-11-28,神奈川,610,437,2712,43,1147732
2024-11-28,愛知,573,507,2032,31,827434
2024-11-28,福岡,464,328,1923,19,507137
2024-11-28,北海道,311,250,1102,21,560520
2024-11-28,埼玉,432,372,1795,28,747360
2024-11-28,千葉,436,358,1672,26,693977
2024-11-28,兵庫,370,313,1639,20,533828
2024-11-28,その他,1306,1162,5625,54,1441338
2024-11-29,東京,2882,2236,13413,89,4033040
2024-11-29,大阪,1397,1130,5074,41,1857917
2024-11-29,神奈川,1259,886,6028,49,2220437
2024-11-29,愛知,987,832,4109,32,1450081
2024-11-29,福岡,688,525,2846,23,1042246
2024-11-29,北海道,489,376,2005,24,1087561
2024-11-29,埼玉,858,693,4234,29,1314136
2024-11-29,千葉,734,583,3638,22,996931
2024-11-29,兵庫,527,389,1934,20,906301
2024-11-29,その他,1881,1681,8765,75,3398629
2024-11-30,東京,3659,3282,14675,120,7317408
2024-11-30,大阪,1795,1466,6861,82,5000229
2024-11-30,神奈川,1771,1270,8489,70,4268488
2024-11-30,愛知,1227,1083,6086,47,2865985
2024-11-30,福岡,883,632,3834,31,1890330
2024-11-30,北海道,677,483,2781,28,1707395
2024-11-30,埼玉,956,709,3816,46,2805006
2024-11-30,千葉,1057,786,3813,38,2317179
2024-11-30,兵庫,844,720,3517,28,1707395
2024-11-30,その他,2420,2056,11745,92,5610013
2024-12-01,東京,2390,1688,10044,112,3532612
2024-12-01,大阪,1479,1311,6575,50,1577059
2024-12-01,神奈川,1249,900,4804,49,1545518
2024-12-01,愛知,856,683,3601,30,946235
2024-12-01,福岡,754,646,3704,26,820070
2024-12-01,北海道,615,491,2473,19,599282
2024-12-01,埼玉,750,648,3133,29,914694
2024-12-01,千葉,668,475,2826,31,977776
2024-12-01,兵庫,598,491,2307,19,599282
2024-12-01,その他,1963,1503,8631,66,2081718
2024-12-02,東京,2139,1675,8621,102,6667557
2024-12-02,大阪,1143,929,5122,56,3660619
2024-12-02,神奈川,891,759,4255,38,2483992
2024-12-02,愛知,701,560,3014,34,2222519
2024-12-02,福岡,594,501,2134,22,1438100
2024-12-02,北海道,468,369,1742,25,1634205
2024-12-02,埼玉,758,647,3120,36,2353255
2024-12-02,千葉,513,413,2451,31,2026414
2024-12-02,兵庫,450,403,1927,21,1372732
2024-12-02,その他,1350,1075,4811,63,4118197
2024-12-03,東京,1919,1642,7738,104,2484356
2024-12-03,大阪,1066,872,3874,45,1074961
2024-12-03,神奈川,830,716,3596,51,1218290
2024-12-03,愛知,618,548,3079,39,931633
2024-12-03,福岡,451,329,1750,30,716641
2024-12-03,北海道,340,290,1624,19,453872
2024-12-03,埼玉,588,472,2683,31,740529
2024-12-03,千葉,450,375,2046,29,692753
2024-12-03,兵庫,392,294,1596,24,573313
2024-12-03,その他,1345,1180,5406,68,1624386
2024-12-04,東京,1667,1321,7125,83,5689690
2024-12-04,大阪,791,657,2910,31,2125064
2024-12-04,神奈川,773,570,3510,32,2193615
2024-12-04,愛知,572,431,2352,20,1371009
2024-12-04,福岡,441,355,2051,18,1233908
2024-12-04,北海道,374,320,1496,15,1028257
2024-12-04,埼玉,541,467,2336,21,1439560
2024-12-04,千葉,381,294,1732,17,1165358
2024-12-04,兵庫,344,287,1557,16,1096807
2024-12-04,その他,1016,882,4758,55,3770276
2024-12-05,東京,2486,1808,10708,145,4725772
2024-12-05,大阪,1124,932,4591,70,2281407
2024-12-05,神奈川,1047,755,4907,66,2151041
2024-12-05,愛知,755,556,3508,37,1205886
2024-12-05,福岡,610,491,2155,39,1271069
2024-12-05,北海道,558,478,2093,24,782196
2024-12-05,埼玉,699,622,2835,44,1434027
2024-12-05,千葉,690,594,3095,30,977746
2024-12-05,兵庫,475,345,1935,26,847379
2024-12-05,その他,1527,1372,5372,97,3161378
2024-12-06,東京,2683,2368,11426,118,7050802
2024-12-06,大阪,1288,970,4616,54,3226638
2024-12-06,神奈川,1031,835,4083,37,2210844
2024-12-06,愛知,856,758,4144,31,1852329
2024-12-06,福岡,576,473,2098,25,1493814
2024-12-06,北海道,506,446,2418,20,1195051
2024-12-06,埼玉,759,672,3718,32,1912082
2024-12-06,千葉,725,530,3273,23,1374308
2024-12-06,兵庫,536,381,2590,18,1075546
2024-12-06,その他,1884,1654,8271,69,4122926
2024-12-07,東京,4592,3318,19059,119,3985284
2024-12-07,大阪,1993,1437,9939,60,2009387
2024-12-07,神奈川,1553,1250,6686,43,1440060
2024-12-07,愛知,1321,1061,5831,43,1440060
2024-12-07,福岡,1077,876,5197,23,770265
2024-12-07,北海道,719,636,2897,23,770265
2024-12-07,埼玉,1163,860,4184,41,1373081
2024-12-07,千葉,1118,888,4775,33,1105162
2024-12-07,兵庫,926,697,3264,26,870734
2024-12-07,その他,2675,2351,13199,90,3014080
2024-12-08,東京,2443,1927,11389,85,4824607
2024-12-08,大阪,1128,809,5514,40,2270403
2024-12-08,神奈川,865,714,3901,31,1759562
2024-12-08,愛知,640,485,2419,30,1702802
2024-12-08,福岡,511,456,2408,21,1191961
2024-12-08,北海道,496,354,2150,14,794641
2024-12-08,埼玉,575,479,2849,26,1475762
2024-12-08,千葉,487,389,1879,19,1078441
2024-12-08,兵庫,450,355,1819,16,908161
2024-12-08,その他,1200,920,4202,53,3008284
2024-12-09,東京,2248,1750,8312,102,7460541
2024-12-09,大阪,1147,947,5397,58,4242268
2024-12-09,神奈川,940,810,3893,45,3291415
2024-12-09,愛知,809,633,3754,35,2559989
2024-12-09,福岡,516,384,2083,25,1828564
2024-12-09,北海道,438,376,2049,23,1682278
2024-12-09,埼玉,640,524,2623,37,2706274
2024-12-09,千葉,630,535,2390,29,2121134
2024-12-09,兵庫,472,377,2135,25,1828564
2024-12-09,その他,1567,1186,6837,81,5924547
2024-12-10,東京,2301,1947,8201,145,9736732
2024-12-10,大阪,1311,950,5414,62,4163292
2024-12-10,神奈川,942,731,4340,52,3491793
2024-12-10,愛知,898,632,4397,45,3021744
2024-12-10,福岡,657,567,2496,26,1745896
2024-12-10,北海道,531,416,2567,26,1745896
2024-12-10,埼玉,712,633,3475,31,2081646
2024-12-10,千葉,657,472,3078,32,2148796
2024-12-10,兵庫,452,364,1690,22,1477297
2024-12-10,その他,1415,1029,5293,84,5640589
2024-12-11,東京,1653,1393,7791,85,5551187
2024-12-11,大阪,896,633,3229,46,3004171
2024-12-11,神奈川,702,595,3094,39,2547015
2024-12-11,愛知,586,501,2370,26,1698010
2024-12-11,福岡,486,411,2362,23,1502085
2024-12-11,北海道,426,341,1660,19,1240853
2024-12-11,埼玉,599,434,2485,26,1698010
2024-12-11,千葉,403,327,1614,23,1502085
2024-12-11,兵庫,330,282,1570,22,1436777
2024-12-11,その他,1163,926,4421,68,4440949
2024-12-12,東京,2425,1764,12118,111,5498409
2024-12-12,大阪,1134,896,4480,55,2724437
2024-12-12,神奈川,1116,956,4462,40,1981408
2024-12-12,愛知,898,788,4268,41,2030944
2024-12-12,福岡,677,542,3150,27,1337451
2024-12-12,北海道,608,472,2835,20,990704
2024-12-12,埼玉,749,585,3298,31,1535591
2024-12-12,千葉,754,559,2823,28,1386986
2024-12-12,兵庫,471,380,1793,24,1188845
2024-12-12,その他,1851,1391,7433,83,4111423
2024-12-13,東京,2473,2107,10334,70,3000501
2024-12-13,大阪,1126,938,5384,39,1671707
2024-12-13,神奈川,976,729,3999,30,1285929
2024-12-13,愛知,743,546,2657,25,1071607
2024-12-13,福岡,545,435,2517,15,642964
2024-12-13,北海道,439,323,1680,12,514371
2024-12-13,埼玉,559,447,2126,21,900150
2024-12-13,千葉,450,403,1891,15,642964
2024-12-13,兵庫,478,383,2179,16,685828
2024-12-13,その他,1252,944,5944,50,2143215
2024-12-14,東京,2960,2131,14272,194,14687930
2024-12-14,大阪,1528,1218,6187,89,6738277
2024-12-14,神奈川,1412,1000,6888,82,6208300
2024-12-14,愛知,1117,867,4700,62,4694080
2024-12-14,福岡,901,727,3180,40,3028439
2024-12-14,北海道,607,511,2654,37,2801306
2024-12-14,埼玉,845,651,3585,47,3558416
2024-12-14,千葉,902,646,4361,46,3482705
2024-12-14,兵庫,670,487,3019,38,2877017
2024-12-14,その他,1993,1401,7428,109,8252497
2024-12-15,東京,3108,2237,14103,100,6552947
2024-12-15,大阪,1459,1062,7174,56,3669650
2024-12-15,神奈川,1600,1316,5667,40,2621178
2024-12-15,愛知,1280,907,5137,36,2359061
2024-12-15,福岡,742,618,3119,25,1638236
2024-12-15,北海道,683,511,2493,19,1245059
2024-12-15,埼玉,1083,887,4347,26,1703766
2024-12-15,千葉,780,617,3198,28,1834825
2024-12-15,兵庫,728,553,3158,22,1441648
2024-12-15,その他,2381,1888,8539,58,3800709
2024-12-16,東京,2361,2061,11389,133,5711529
2024-12-16,大阪,1089,889,4051,60,2576629
2024-12-16,神奈川,1125,990,3951,57,2447798
2024-12-16,愛知,763,636,3694,47,2018360
2024-12-16,福岡,542,441,1926,32,1374202
2024-12-16,北海道,523,386,2044,27,1159483
2024-12-16,埼玉,760,662,3050,35,1503034
2024-12-16,千葉,581,512,2058,37,1588921
2024-12-16,兵庫,563,397,2201,21,901820
2024-12-16,その他,1552,1306,7717,93,3993776
2024-12-17,東京,1810,1520,9048,68,3003341
2024-12-17,大阪,868,770,3185,37,1634170
2024-12-17,神奈川,722,643,2755,32,1413337
2024-12-17,愛知,545,408,2398,24,1060002
2024-12-17,福岡,378,297,1623,15,662501
2024-12-17,北海道,335,254,1252,14,618334
2024-12-17,埼玉,412,336,1927,17,750835
2024-12-17,千葉,368,312,1456,14,618334
2024-12-17,兵庫,386,295,1518,15,662501
2024-12-17,その他,1097,793,4128,37,1634170
2024-12-18,東京,2034,1428,9173,77,4028262
2024-12-18,大阪,881,654,3812,37,1935658
2024-12-18,神奈川,859,650,3319,25,1307877
2024-12-18,愛知,555,479,2702,23,1203247
2024-12-18,福岡,410,339,1755,18,941671
2024-12-18,北海道,368,293,1509,13,680096
2024-12-18,埼玉,572,415,2077,23,1203247
2024-12-18,千葉,506,441,1815,18,941671
2024-12-18,兵庫,378,329,1378,15,784726
2024-12-18,その他,1109,968,5443,47,2458809
2024-12-19,東京,2303,1614,8225,74,2449910
2024-12-19,大阪,861,745,4166,28,926993
2024-12-19,神奈川,727,642,3050,26,860779
2024-12-19,愛知,565,437,2467,19,629031
2024-12-19,福岡,472,424,2036,12,397282
2024-12-19,北海道,398,291,1505,14,463496
2024-12-19,埼玉,613,527,2395,15,496603
2024-12-19,千葉,414,306,1919,15,496603
2024-12-19,兵庫,418,358,1576,14,463496
2024-12-19,その他,1399,1166,6643,42,1390489
2024-12-20,東京,2533,2095,9997,73,3331136
2024-12-20,大阪,1076,803,3894,37,1688384
2024-12-20,神奈川,842,650,3897,31,1414592
2024-12-20,愛知,763,596,3415,23,1049536
2024-12-20,福岡,569,504,2715,21,958272
2024-12-20,北海道,558,450,2574,14,638848
2024-12-20,埼玉,734,618,3667,24,1095168
2024-12-20,千葉,567,476,2572,20,912640
2024-12-20,兵庫,469,412,1795,16,730112
2024-12-20,その他,1645,1477,6939,45,2053440
2024-12-21,東京,2880,2392,10408,114,6425338
2024-12-21,大阪,1552,1350,5589,67,3776295
2024-12-21,神奈川,1440,1054,5066,51,2874493
2024-12-21,愛知,904,636,3480,43,2423592
2024-12-21,福岡,810,693,3741,29,1634515
2024-12-21,北海道,542,404,2346,27,1521790
2024-12-21,埼玉,916,820,3876,29,1634515
2024-12-21,千葉,652,532,2965,33,1859966
2024-12-21,兵庫,632,446,2466,27,1521790
2024-12-21,その他,1989,1673,8135,63,3550844
2024-12-22,東京,3536,2984,16798,130,3923525
2024-12-22,大阪,1764,1315,7820,80,2414476
2024-12-22,神奈川,1296,1074,6320,64,1931581
2024-12-22,愛知,1171,959,5726,57,1720314
2024-12-22,福岡,883,774,3155,36,1086514
2024-12-22,北海道,676,587,2376,27,814885
2024-12-22,埼玉,1178,825,4832,44,1327962
2024-12-22,千葉,825,689,3490,41,1237419
2024-12-22,兵庫,654,567,2995,34,1026152
2024-12-22,その他,2669,2342,10631,91,2746467
2024-12-23,東京,1583,1406,7097,71,1680299
2024-12-23,大阪,818,648,3964,27,638987
2024-12-23,神奈川,663,502,3124,28,662653
2024-12-23,愛知,668,516,3141,19,449657
2024-12-23,福岡,449,370,1674,16,378659
2024-12-23,北海道,409,362,1585,11,260328
2024-12-23,埼玉,555,423,2200,16,378659
2024-12-23,千葉,478,419,1893,15,354992
2024-12-23,兵庫,392,286,1607,13,307660
2024-12-23,その他,1180,902,5344,37,875649
2024-12-24,東京,2524,2238,10973,128,7014977
2024-12-24,大阪,1369,1194,5377,47,2575812
2024-12-24,神奈川,1142,935,5238,56,3069052
2024-12-24,愛知,868,746,3083,31,1698939
2024-12-24,福岡,702,612,2622,23,1260503
2024-12-24,北海道,554,438,2222,24,1315308
2024-12-24,埼玉,765,602,3089,30,1644135
2024-12-24,千葉,675,605,2869,25,1370112
2024-12-24,兵庫,501,437,1769,23,1260503
2024-12-24,その他,1861,1365,8795,77,4219947
2024-12-25,東京,2014,1743,8977,72,1746576
2024-12-25,大阪,1126,955,5353,40,970320
2024-12-25,神奈川,726,597,2616,35,849030
2024-12-25,愛知,672,569,2902,21,509418
2024-12-25,福岡,571,468,2179,16,388128
2024-12-25,北海道,433,365,2044,17,412386
2024-12-25,埼玉,649,498,2940,18,436644
2024-12-25,千葉,503,407,2067,16,388128
2024-12-25,兵庫,405,316,1433,17,412386
2024-12-25,その他,1164,1038,5275,58,1406964
2024-12-26,東京,1941,1616,9251,85,3026858
2024-12-26,大阪,1048,833,3960,33,1175133
2024-12-26,神奈川,758,666,3476,32,1139523
2024-12-26,愛知,640,455,2599,19,676591
2024-12-26,福岡,480,336,2392,18,640981
2024-12-26,北海道,388,313,1433,16,569761
2024-12-26,埼玉,617,496,2635,22,783422
2024-12-26,千葉,425,374,1546,18,640981
2024-12-26,兵庫,376,284,1684,16,569761
2024-12-26,その他,1308,1024,5166,48,1709284
2024-12-27,東京,1946,1652,8768,136,6017514
2024-12-27,大阪,1127,793,5311,53,2345060
2024-12-27,神奈川,898,646,3227,45,1991089
2024-12-27,愛知,687,607,3328,44,1946842
2024-12-27,福岡,608,489,2328,34,1504378
2024-12-27,北海道,490,369,1886,21,929174
2024-12-27,埼玉,633,462,2645,32,1415885
2024-12-27,千葉,601,526,2280,30,1327392
2024-12-27,兵庫,405,321,1818,25,1106160
2024-12-27,その他,1568,1393,6424,87,3849439
2024-12-28,東京,3075,2220,12094,123,5917843
2024-12-28,大阪,1477,1066,5240,55,2646190
2024-12-28,神奈川,1412,1188,6340,50,2405627
2024-12-28,愛知,954,692,4545,35,1683939
2024-12-28,福岡,869,667,4301,25,1202813
2024-12-28,北海道,693,521,2643,27,1299038
2024-12-28,埼玉,1024,856,4432,36,1732051
2024-12-28,千葉,824,621,3320,31,1491489
2024-12-28,兵庫,749,606,3410,22,1058476
2024-12-28,その他,2482,1949,11823,75,3608441
2024-12-29,東京,2267,1796,9036,81,3703422
2024-12-29,大阪,1029,902,3768,41,1874572
2024-12-29,神奈川,812,727,3667,29,1325916
2024-12-29,愛知,646,525,2354,19,868704
2024-12-29,福岡,548,434,2270,19,868704
2024-12-29,北海道,464,347,2277,13,594376
2024-12-29,埼玉,635,469,2358,23,1051589
2024-12-29,千葉,427,365,1648,16,731540
2024-12-29,兵庫,443,345,2203,13,594376
2024-12-29,その他,1227,932,4496,45,2057457
2024-12-30,東京,2112,1771,9982,112,4355466
2024-12-30,大阪,1030,848,3690,46,1788852
2024-12-30,神奈川,877,648,4147,50,1944404
2024-12-30,愛知,761,579,3333,42,1633300
2024-12-30,福岡,571,493,2006,26,1011090
2024-12-30,北海道,360,306,1686,26,1011090
2024-12-30,埼玉,669,499,3248,27,1049978
2024-12-30,千葉,459,369,1663,30,1166642
2024-12-30,兵庫,396,344,1806,23,894426
2024-12-30,その他,1405,1067,5168,75,2916607
2024-12-31,東京,2476,1837,10272,77,5130011
2024-12-31,大阪,1192,974,5154,37,2465070
2024-12-31,神奈川,889,639,4251,45,2998058
2024-12-31,愛知,692,487,3208,35,2331823
2024-12-31,福岡,585,456,2109,25,1665588
2024-12-31,北海道,550,486,1967,15,999352
2024-12-31,埼玉,708,551,2708,29,1932082
2024-12-31,千葉,658,582,2674,25,1665588
2024-12-31,兵庫,510,383,2359,18,1199223
2024-12-31,その他,1551,1210,7086,59,3930788
2025-01-01,東京,2174,1726,10149,85,3938977
2025-01-01,大阪,966,694,3435,31,1436568
2025-01-01,神奈川,762,581,3106,36,1668272
2025-01-01,愛知,694,578,2706,29,1343886
2025-01-01,福岡,410,295,1614,15,695113
2025-01-01,北海道,392,285,1478,13,602431
2025-01-01,埼玉,562,455,2178,23,1065840
2025-01-01,千葉,445,331,2156,16,741454
2025-01-01,兵庫,442,390,1973,17,787795
2025-01-01,その他,1063,765,4808,61,2826795
2025-01-02,東京,1599,1325,6643,66,2541767
2025-01-02,大阪,767,589,3788,30,1155348
2025-01-02,神奈川,752,556,3546,27,1039813
2025-01-02,愛知,495,382,2386,19,731720
2025-01-02,福岡,368,293,1440,14,539162
2025-01-02,北海道,352,277,1291,13,500651
2025-01-02,埼玉,431,378,1660,21,808744
2025-01-02,千葉,366,300,1673,13,500651
2025-01-02,兵庫,332,279,1627,14,539162
2025-01-02,その他,961,685,4614,38,1463441
2025-01-03,東京,2056,1473,8038,60,3870947
2025-01-03,大阪,852,640,3075,29,1870957
2025-01-03,神奈川,808,638,2982,21,1354831
2025-01-03,愛知,659,580,2796,19,1225799
2025-01-03,福岡,513,418,2514,16,1032252
2025-01-03,北海道,358,253,1569,11,709673
2025-01-03,埼玉,564,411,2349,18,1161284
2025-01-03,千葉,409,299,1986,15,967736
2025-01-03,兵庫,347,301,1453,10,645157
2025-01-03,その他,1037,743,5162,37,2387084
2025-01-04,東京,3336,2711,12060,78,922971
2025-01-04,大阪,1700,1487,6821,48,567982
2025-01-04,神奈川,1232,1022,5300,28,331323
2025-01-04,愛知,1027,753,3609,32,378654
2025-01-04,福岡,680,480,2892,18,212993
2025-01-04,北海道,613,521,2333,15,177494
2025-01-04,埼玉,961,771,4709,22,260325
2025-01-04,千葉,671,584,2940,20,236659
2025-01-04,兵庫,606,506,2930,16,189327
2025-01-04,その他,1794,1372,6905,46,544316
2025-01-05,東京,2665,1969,9849,109,6944379
2025-01-05,大阪,1555,1152,6016,50,3185495
2025-01-05,神奈川,1296,1111,4739,54,3440334
2025-01-05,愛知,1010,760,4407,37,2357266
2025-01-05,福岡,754,662,3688,32,2038716
2025-01-05,北海道,528,371,2544,23,1465327
2025-01-05,埼玉,719,550,2913,39,2484686
2025-01-05,千葉,593,520,2098,27,1720167
2025-01-05,兵庫,557,431,2093,19,1210488
2025-01-05,その他,1698,1336,6640,90,5733891
2025-01-06,東京,2225,1672,9610,59,2232273
2025-01-06,大阪,958,764,4462,35,1324229
2025-01-06,神奈川,983,753,3911,23,870208
2025-01-06,愛知,620,528,2620,25,945878
2025-01-06,福岡,526,426,2465,13,491856
2025-01-06,北海道,443,369,1790,12,454021
2025-01-06,埼玉,614,476,2811,19,718867
2025-01-06,千葉,580,514,2475,13,491856
2025-01-06,兵庫,459,364,2181,15,567527
2025-01-06,その他,1252,1041,6016,38,1437735
2025-01-07,東京,2516,2025,10056,98,3756382
2025-01-07,大阪,1236,1049,5312,41,1571547
2025-01-07,神奈川,930,830,4052,35,1341565
2025-01-07,愛知,815,663,3729,23,881600
2025-01-07,福岡,580,406,2030,25,958260
2025-01-07,北海道,446,399,1709,15,574956
2025-01-07,埼玉,625,502,2543,21,804939
2025-01-07,千葉,466,362,2322,20,766608
2025-01-07,兵庫,410,367,1922,18,689947
2025-01-07,その他,1654,1319,7516,70,2683130
2025-01-08,東京,1455,1253,6195,61,1606140
2025-01-08,大阪,839,629,4038,32,842565
2025-01-08,神奈川,651,568,2686,22,579263
2025-01-08,愛知,567,440,2673,20,526603
2025-01-08,福岡,405,292,1961,14,368622
2025-01-08,北海道,283,218,1261,14,368622
2025-01-08,埼玉,520,422,2416,15,394952
2025-01-08,千葉,426,351,1975,15,394952
2025-01-08,兵庫,363,279,1813,13,342292
2025-01-08,その他,1034,798,3817,32,842565
2025-01-09,東京,1892,1344,8575,87,7364860
2025-01-09,大阪,893,641,3210,40,3386142
2025-01-09,神奈川,794,708,3821,39,3301489
2025-01-09,愛知,760,572,2747,26,2200992
2025-01-09,福岡,555,450,2148,19,1608417
2025-01-09,北海道,394,335,1873,22,1862378
2025-01-09,埼玉,610,505,3000,30,2539607
2025-01-09,千葉,478,400,1954,23,1947032
2025-01-09,兵庫,475,379,1940,22,1862378
2025-01-09,その他,1354,1122,4829,69,5841096
2025-01-10,東京,1821,1558,7270,49,2551529
2025-01-10,大阪,856,607,3199,32,1666304
2025-01-10,神奈川,697,535,3483,21,1093512
2025-01-10,愛知,631,559,2531,22,1145584
2025-01-10,福岡,405,350,1830,13,676936
2025-01-10,北海道,331,265,1420,11,572792
2025-01-10,埼玉,562,495,2339,16,833152
2025-01-10,千葉,463,408,1660,17,885224
2025-01-10,兵庫,327,257,1458,12,624864
2025-01-10,その他,1304,1030,4940,33,1718376
2025-01-11,東京,4046,3219,14792,137,7241722
2025-01-11,大阪,1885,1453,9106,59,3118698
2025-01-11,神奈川,1654,1344,6527,47,2484386
2025-01-11,愛知,1187,902,4274,36,1902934
2025-01-11,福岡,804,649,3539,24,1268622
2025-01-11,北海道,747,585,3549,22,1162904
2025-01-11,埼玉,1005,791,4496,38,2008652
2025-01-11,千葉,751,653,3690,29,1532919
2025-01-11,兵庫,831,677,3470,21,1110045
2025-01-11,その他,2360,2056,11479,63,3330135
2025-01-12,東京,2833,2062,12821,109,5024874
2025-01-12,大阪,1303,1086,5822,66,3042584
2025-01-12,神奈川,1171,1037,5201,39,1797890
2025-01-12,愛知,1057,890,3788,38,1751791
2025-01-12,福岡,717,613,3337,31,1429092
2025-01-12,北海道,528,474,1907,28,1290793
2025-01-12,埼玉,911,763,3650,30,1382993
2025-01-12,千葉,787,629,3259,24,1106394
2025-01-12,兵庫,545,395,2493,25,1152494
2025-01-12,その他,2106,1836,8507,85,3918480
2025-01-13,東京,1881,1333,9250,65,1638833
2025-01-13,大阪,851,609,4028,36,907661
2025-01-13,神奈川,711,600,2787,21,529469
2025-01-13,愛知,676,487,3311,21,529469
2025-01-13,福岡,469,375,2066,16,403405
2025-01-13,北海道,373,301,1551,11,277341
2025-01-13,埼玉,537,450,1916,19,479043
2025-01-13,千葉,453,325,1745,14,352979
2025-01-13,兵庫,343,290,1245,15,378192
2025-01-13,その他,1088,857,5092,45,1134577
2025-01-14,東京,1982,1461,9262,65,1846137
2025-01-14,大阪,959,802,3841,31,880465
2025-01-14,神奈川,678,600,3012,27,766856
2025-01-14,愛知,611,453,2626,17,482835
2025-01-14,福岡,381,288,1785,15,426031
2025-01-14,北海道,384,282,1716,12,340825
2025-01-14,埼玉,565,399,1992,18,511237
2025-01-14,千葉,399,344,1902,13,369227
2025-01-14,兵庫,326,243,1585,11,312423
2025-01-14,その他,1126,881,5006,43,1221290
2025-01-15,東京,1787,1477,7838,61,2886858
2025-01-15,大阪,833,644,3434,26,1230464
2025-01-15,神奈川,768,543,2968,30,1419766
2025-01-15,愛知,537,422,2466,20,946510
2025-01-15,福岡,409,358,1990,16,757208
2025-01-15,北海道,421,370,1621,14,662557
2025-01-15,埼玉,471,396,2310,14,662557
2025-01-15,千葉,402,341,1966,16,757208
2025-01-15,兵庫,386,296,1553,15,709883
2025-01-15,その他,1199,839,5512,39,1845696
